rucc_code,rucc_label,n_counties,median_pct_bachelors,median_poverty_rate,median_household_income,median_home_value,median_price_to_income_ratio
1.0,Metro >= 1M pop,441,32.63,10.1,78930.0,268200.0,3.33
2.0,Metro 250K-1M pop,379,26.41,12.8,65253.0,194500.0,2.97
3.0,Metro < 250K pop,357,24.77,13.2,63353.0,182600.0,2.93
4.0,"Nonmetro, urban >=20K, adj. metro",199,21.43,14.6,59196.0,161700.0,2.79
5.0,"Nonmetro, urban >=20K, not adj. metro",76,24.29,15.0,59441.0,170800.0,2.88
6.0,"Nonmetro, urban 2.5K-20K, adj. metro",379,18.68,14.6,57225.0,146100.0,2.6
7.0,"Nonmetro, urban 2.5K-20K, not adj. metro",247,21.0,14.5,56848.0,141900.0,2.57
8.0,"Nonmetro, rural, adj. metro",464,17.35,15.0,55454.5,129150.0,2.44
9.0,"Nonmetro, rural, not adj. metro",578,20.08,14.0,56341.5,120850.0,2.22
