FIPS,median_household_income,median_home_value,median_gross_rent
10001,71866.0,272300.0,1224.0
10003,85427.0,312000.0,1327.0
10005,81188.0,324400.0,1162.0
01001,70148.0,191800.0,1199.0
01003,71704.0,266000.0,1160.0
01005,41151.0,102700.0,627.0
01007,54309.0,120100.0,765.0
01009,60553.0,159800.0,734.0
01011,35798.0,87700.0,619.0
01013,41852.0,94800.0,720.0
01015,52772.0,140500.0,806.0
01017,45563.0,116900.0,842.0
01019,52613.0,158700.0,700.0
01021,61823.0,136000.0,814.0
01023,44458.0,101600.0,616.0
01025,44906.0,126200.0,723.0
01027,49599.0,144100.0,576.0
01029,49248.0,131900.0,782.0
01031,62429.0,162200.0,921.0
01033,54593.0,148500.0,810.0
01035,36106.0,98800.0,718.0
01037,49485.0,109500.0,632.0
01039,46958.0,124300.0,701.0
01041,49161.0,100400.0,595.0
01043,61774.0,166000.0,848.0
01045,50567.0,123800.0,829.0
01047,35258.0,91600.0,726.0
01049,50037.0,129000.0,684.0
01051,71463.0,200400.0,982.0
01053,47792.0,122000.0,659.0
01055,55487.0,148400.0,779.0
01057,49205.0,112700.0,600.0
01059,49611.0,121600.0,596.0
01061,51585.0,120700.0,696.0
01063,35449.0,88800.0,682.0
01065,44702.0,109400.0,668.0
01067,56702.0,132400.0,678.0
01069,56842.0,164900.0,858.0
01071,51965.0,126900.0,702.0
01073,61996.0,208900.0,1086.0
01075,51523.0,108200.0,495.0
01077,59023.0,174800.0,773.0
01079,55516.0,134200.0,692.0
01081,59637.0,224400.0,953.0
01083,83159.0,229400.0,861.0
01085,42268.0,83400.0,760.0
01087,36601.0,93900.0,688.0
01089,80426.0,242900.0,1043.0
01091,45587.0,98600.0,702.0
01093,47742.0,104300.0,581.0
01095,53388.0,165600.0,746.0
01097,54315.0,164600.0,973.0
01099,47498.0,109300.0,692.0
11001,99897.0,705000.0,1817.0
01101,56862.0,151300.0,1028.0
01103,62260.0,174800.0,791.0
01105,33585.0,81700.0,560.0
01107,45440.0,119800.0,578.0
01109,45144.0,144500.0,750.0
01111,49433.0,155000.0,704.0
01113,45074.0,141900.0,908.0
01115,70361.0,202000.0,1044.0
01117,98263.0,276500.0,1272.0
01119,35152.0,88000.0,770.0
01121,55186.0,131900.0,750.0
01123,55270.0,127100.0,701.0
01125,60875.0,218800.0,974.0
01127,51065.0,124100.0,698.0
01129,53785.0,138100.0,698.0
01131,33682.0,83200.0,787.0
01133,51149.0,111600.0,680.0
12001,58783.0,245600.0,1191.0
12003,67375.0,198900.0,959.0
12005,65521.0,246800.0,1311.0
12007,57664.0,153900.0,902.0
12009,74899.0,278000.0,1327.0
12011,70834.0,348600.0,1683.0
12013,46766.0,118100.0,610.0
12015,65040.0,265800.0,1206.0
12017,52534.0,190800.0,1000.0
12019,84364.0,254500.0,1372.0
12021,81821.0,443700.0,1599.0
12023,54060.0,165300.0,905.0
12027,47097.0,139500.0,861.0
12029,40587.0,93200.0,805.0
12031,70203.0,251300.0,1293.0
12033,61634.0,206400.0,1170.0
12035,73336.0,293700.0,1561.0
12037,52180.0,236100.0,1045.0
12039,45628.0,137300.0,781.0
12041,58178.0,165500.0,801.0
12043,50559.0,91300.0,832.0
12045,55909.0,197700.0,1143.0
12047,45484.0,100800.0,778.0
12049,48572.0,118700.0,904.0
12051,55308.0,153200.0,892.0
12053,60582.0,214700.0,1155.0
12055,51954.0,155900.0,919.0
12057,74091.0,294900.0,1413.0
12059,50118.0,94900.0,792.0
12061,69462.0,284400.0,1183.0
12063,50625.0,113300.0,756.0
12065,56900.0,167600.0,727.0
12067,50775.0,118600.0,853.0
12069,67637.0,262500.0,1323.0
12071,71607.0,290900.0,1466.0
12073,61560.0,256900.0,1157.0
12075,55147.0,151800.0,798.0
12077,49514.0,113300.0,884.0
12079,46141.0,92400.0,832.0
12081,72176.0,323900.0,1418.0
12083,54517.0,194900.0,1092.0
12085,80678.0,359200.0,1374.0
12086,66952.0,387000.0,1623.0
12087,79459.0,696900.0,1919.0
12089,90808.0,306800.0,1171.0
12091,76663.0,295400.0,1382.0
12093,50176.0,158500.0,963.0
12095,72129.0,329000.0,1553.0
12097,63782.0,285200.0,1537.0
12099,76713.0,368300.0,1700.0
12101,65933.0,233600.0,1282.0
12103,66427.0,284300.0,1389.0
12105,61941.0,215700.0,1192.0
12107,46459.0,125700.0,844.0
12109,103757.0,416100.0,1601.0
12111,64038.0,275900.0,1363.0
12113,82537.0,272500.0,1386.0
12115,78309.0,338500.0,1590.0
12117,80296.0,329300.0,1545.0
12119,77851.0,324400.0,1185.0
12121,51295.0,136500.0,760.0
12123,48482.0,89300.0,909.0
12125,60749.0,146200.0,785.0
12127,64601.0,251400.0,1271.0
12129,63482.0,198600.0,1041.0
12131,78814.0,327000.0,1463.0
12133,49233.0,137600.0,853.0
13001,51217.0,88500.0,683.0
13003,46060.0,77100.0,566.0
13005,46044.0,95600.0,685.0
13007,50129.0,121600.0,596.0
13009,49883.0,154400.0,832.0
13011,66928.0,229900.0,776.0
13013,77583.0,228400.0,1137.0
13015,80017.0,237000.0,1090.0
13017,41141.0,100000.0,668.0
13019,48725.0,108300.0,718.0
13021,48539.0,155200.0,967.0
13023,56070.0,121600.0,757.0
13025,50370.0,91900.0,728.0
13027,43353.0,128400.0,738.0
13029,93057.0,276100.0,1390.0
13031,49471.0,172500.0,931.0
13033,49431.0,98300.0,747.0
13035,62231.0,200000.0,961.0
13037,39681.0,77100.0,676.0
13039,67628.0,213400.0,1136.0
13043,44493.0,141500.0,682.0
13045,69924.0,196900.0,1055.0
13047,66918.0,191200.0,921.0
13049,48147.0,107500.0,704.0
13051,64029.0,256400.0,1284.0
13053,57507.0,129300.0,1260.0
13055,50714.0,86400.0,753.0
13057,99932.0,358400.0,1580.0
13059,49832.0,242600.0,1045.0
13061,37961.0,81200.0,383.0
13063,57625.0,167200.0,1216.0
13065,45595.0,73900.0,547.0
13067,96798.0,346000.0,1535.0
13069,48792.0,122500.0,702.0
13071,49214.0,113900.0,747.0
13073,94224.0,259000.0,1295.0
13075,44476.0,113600.0,887.0
13077,87618.0,291900.0,1326.0
13079,60295.0,149400.0,677.0
13081,43884.0,106900.0,735.0
13083,59708.0,157900.0,861.0
13085,84551.0,312600.0,1360.0
13087,46455.0,140800.0,796.0
13089,76736.0,301100.0,1464.0
13091,43783.0,104600.0,695.0
13093,46191.0,94500.0,717.0
13095,42629.0,119100.0,898.0
13097,79242.0,227800.0,1326.0
13099,43417.0,126500.0,803.0
13101,47195.0,114900.0,789.0
13103,88111.0,219000.0,1098.0
13105,49220.0,104500.0,828.0
13107,46975.0,87500.0,724.0
13109,45163.0,130500.0,715.0
13111,60604.0,260100.0,813.0
13113,109358.0,369700.0,1693.0
13115,56651.0,174000.0,890.0
13117,130909.0,451100.0,1779.0
13119,49940.0,146700.0,751.0
13121,89798.0,398300.0,1529.0
13123,68294.0,259700.0,907.0
13125,55539.0,117300.0,779.0
13127,63532.0,238000.0,1031.0
13129,63946.0,179100.0,830.0
13131,48548.0,147000.0,806.0
13133,74488.0,308000.0,825.0
13135,83918.0,307300.0,1594.0
13137,62428.0,188800.0,861.0
13139,76789.0,277900.0,1179.0
13141,38570.0,93500.0,576.0
13143,57912.0,187700.0,837.0
13145,90636.0,273200.0,869.0
13147,56137.0,180500.0,782.0
13149,56724.0,134900.0,815.0
13151,82379.0,245200.0,1411.0
13153,71237.0,189500.0,1094.0
13155,49224.0,94700.0,772.0
13157,82138.0,280600.0,1007.0
13159,63718.0,184000.0,1009.0
13161,46143.0,106800.0,626.0
13163,44459.0,90900.0,701.0
13165,41830.0,81800.0,665.0
13167,42603.0,81300.0,590.0
13169,65515.0,159500.0,850.0
13171,61542.0,177000.0,888.0
13173,50671.0,150200.0,813.0
13175,47918.0,132000.0,722.0
13177,84260.0,208800.0,1144.0
13179,59807.0,158400.0,1178.0
13181,69776.0,164300.0,724.0
13183,71285.0,159900.0,846.0
13185,52623.0,177800.0,951.0
13187,71486.0,249400.0,1055.0
13189,50593.0,140900.0,834.0
13191,51411.0,157600.0,760.0
13193,40089.0,78100.0,627.0
13195,58789.0,170600.0,884.0
13197,47174.0,111300.0,663.0
13199,53019.0,147200.0,864.0
13201,45201.0,119400.0,698.0
13205,45296.0,98400.0,725.0
13207,76428.0,204100.0,872.0
13209,48356.0,105300.0,684.0
13211,74340.0,293300.0,1003.0
13213,62109.0,153700.0,800.0
13215,53740.0,168400.0,1038.0
13217,72128.0,200300.0,1264.0
13219,114758.0,389200.0,1391.0
13221,62504.0,176300.0,789.0
13223,87459.0,251100.0,1464.0
13225,58471.0,170500.0,817.0
13227,71955.0,263200.0,990.0
13229,52695.0,116800.0,764.0
13231,80626.0,234700.0,989.0
13233,54894.0,151400.0,814.0
13235,46975.0,120500.0,863.0
13237,62241.0,203300.0,934.0
13239,41516.0,85800.0,740.0
13241,63387.0,236900.0,945.0
13243,39188.0,83800.0,557.0
13245,50079.0,142100.0,1024.0
13247,71984.0,221800.0,1263.0
13249,57510.0,154300.0,775.0
13251,52713.0,107800.0,632.0
13253,45223.0,110300.0,813.0
13255,55086.0,178800.0,1024.0
13257,51980.0,154200.0,797.0
13259,41158.0,72500.0,588.0
13261,44677.0,130000.0,812.0
13263,45163.0,119400.0,864.0
13265,42138.0,69200.0,693.0
13267,47401.0,115600.0,609.0
13269,44035.0,90100.0,730.0
13271,41547.0,90000.0,644.0
13273,53281.0,97000.0,709.0
13275,52236.0,178900.0,974.0
13277,52962.0,140700.0,760.0
13279,45125.0,124800.0,661.0
13281,59273.0,278700.0,839.0
13283,43533.0,98500.0,653.0
13285,55852.0,166700.0,956.0
13287,40865.0,85600.0,617.0
13289,48772.0,89300.0,727.0
13291,64588.0,252100.0,781.0
13293,48061.0,136500.0,778.0
13295,53407.0,149600.0,847.0
13297,83037.0,267400.0,1192.0
13299,48245.0,94600.0,760.0
13301,44367.0,82700.0,674.0
13303,48462.0,113700.0,777.0
13305,51102.0,142200.0,805.0
13307,45987.0,77100.0,652.0
13309,35952.0,82600.0,414.0
13311,62100.0,232000.0,950.0
13313,61680.0,175000.0,849.0
13315,44905.0,65300.0,611.0
13317,47377.0,92500.0,777.0
13319,49648.0,87600.0,715.0
13321,48956.0,98000.0,875.0
15001,71143.0,454900.0,1352.0
15003,96304.0,832200.0,1976.0
15007,81939.0,742900.0,1686.0
15009,89794.0,800100.0,1805.0
16001,87748.0,423500.0,1320.0
16003,56374.0,284300.0,763.0
16005,62120.0,233500.0,823.0
16007,66006.0,194700.0,636.0
16009,56188.0,241700.0,812.0
16011,70052.0,230500.0,787.0
16013,98707.0,558600.0,1238.0
16015,74121.0,369300.0,837.0
16017,64860.0,378200.0,995.0
16019,74505.0,288300.0,971.0
16021,62801.0,318600.0,802.0
16023,57085.0,194700.0,573.0
16025,73311.0,225000.0,950.0
16027,70594.0,306200.0,1138.0
16029,70354.0,204400.0,709.0
16031,68170.0,227100.0,874.0
16033,53366.0,172500.0,727.0
16035,57081.0,213000.0,838.0
16037,57405.0,282000.0,771.0
16039,63009.0,235200.0,1030.0
16041,71669.0,269100.0,792.0
16043,61115.0,243700.0,750.0
16045,60771.0,324700.0,827.0
16047,59838.0,197800.0,841.0
16049,60907.0,258900.0,766.0
16051,76474.0,284700.0,971.0
16053,61509.0,234300.0,834.0
16055,75583.0,407000.0,1216.0
16057,60108.0,309300.0,869.0
16059,55554.0,254800.0,725.0
16061,55128.0,184800.0,662.0
16063,61658.0,183400.0,804.0
16065,52224.0,324300.0,916.0
16067,60834.0,198400.0,871.0
16069,65558.0,259600.0,888.0
16071,66175.0,226000.0,884.0
16073,57142.0,247200.0,734.0
16075,61725.0,265500.0,823.0
16077,57426.0,174200.0,720.0
16079,47005.0,183200.0,823.0
16081,95580.0,479800.0,1071.0
16083,63860.0,262200.0,951.0
16085,74166.0,471000.0,962.0
16087,55072.0,212000.0,881.0
17001,61747.0,151300.0,782.0
17003,41378.0,58600.0,652.0
17005,66071.0,130300.0,698.0
17007,83695.0,181700.0,938.0
17009,78081.0,122100.0,625.0
17011,63042.0,120200.0,787.0
17013,68525.0,160900.0,448.0
17015,64157.0,109900.0,751.0
17017,62129.0,92000.0,681.0
17019,61205.0,192600.0,977.0
17021,56888.0,108800.0,705.0
17023,63655.0,112400.0,816.0
17025,55282.0,103600.0,706.0
17027,79612.0,171500.0,888.0
17029,57712.0,114000.0,778.0
17031,76614.0,293700.0,1318.0
17033,66333.0,108200.0,763.0
17035,79140.0,116000.0,683.0
17037,71882.0,218600.0,1024.0
17039,64262.0,121100.0,801.0
17041,67796.0,137100.0,748.0
17043,102383.0,361700.0,1551.0
17045,63430.0,94100.0,716.0
17047,58387.0,92700.0,710.0
17049,74800.0,166500.0,697.0
17051,57729.0,111500.0,716.0
17053,67135.0,113400.0,708.0
17055,49108.0,87500.0,725.0
17057,57362.0,99800.0,782.0
17059,51367.0,81000.0,532.0
17061,58196.0,92400.0,741.0
17063,93882.0,245400.0,1126.0
17065,56984.0,100300.0,690.0
17067,63324.0,104200.0,736.0
17069,46568.0,90600.0,318.0
17071,61892.0,99800.0,732.0
17073,70517.0,138900.0,814.0
17075,65181.0,120900.0,773.0
17077,44756.0,123400.0,757.0
17079,66290.0,117900.0,770.0
17081,58623.0,115000.0,838.0
17083,72363.0,161800.0,778.0
17085,67217.0,179300.0,768.0
17087,59794.0,141200.0,630.0
17089,93475.0,290100.0,1335.0
17091,70494.0,176800.0,1025.0
17093,102509.0,288100.0,1695.0
17095,57666.0,96800.0,694.0
17097,101621.0,313700.0,1382.0
17099,64711.0,147400.0,874.0
17101,57460.0,93900.0,781.0
17103,67371.0,147100.0,806.0
17105,74418.0,128100.0,836.0
17107,53775.0,118200.0,761.0
17109,52812.0,100400.0,688.0
17111,99128.0,270600.0,1310.0
17113,71825.0,191300.0,941.0
17115,60648.0,119800.0,774.0
17117,69880.0,121300.0,796.0
17119,67441.0,159400.0,938.0
17121,58489.0,96200.0,734.0
17123,69593.0,124600.0,746.0
17125,60784.0,97000.0,747.0
17127,52880.0,115200.0,738.0
17129,78115.0,177100.0,748.0
17131,70430.0,131000.0,759.0
17133,100487.0,254100.0,956.0
17135,56381.0,102000.0,684.0
17137,64842.0,122000.0,700.0
17139,75505.0,116400.0,767.0
17141,78577.0,172900.0,841.0
17143,65421.0,150400.0,909.0
17145,53051.0,102000.0,656.0
17147,85430.0,168300.0,917.0
17149,54244.0,97000.0,641.0
17151,54878.0,137500.0,393.0
17153,44873.0,81600.0,599.0
17155,83029.0,161500.0,766.0
17157,62575.0,129400.0,740.0
17159,56831.0,106400.0,724.0
17161,62652.0,139800.0,846.0
17163,67185.0,158500.0,1002.0
17165,50979.0,87900.0,720.0
17167,73684.0,162400.0,927.0
17169,62968.0,100500.0,817.0
17171,64853.0,95000.0,619.0
17173,65396.0,125200.0,768.0
17175,59234.0,95900.0,758.0
17177,60988.0,122000.0,755.0
17179,73285.0,159100.0,850.0
17181,51116.0,129300.0,710.0
17183,52083.0,91000.0,769.0
17185,63777.0,94100.0,728.0
17187,57357.0,98200.0,697.0
17189,71958.0,147100.0,801.0
17191,53359.0,107900.0,607.0
17193,54611.0,101000.0,672.0
17195,62038.0,122200.0,785.0
17197,97076.0,283600.0,1342.0
17199,64152.0,139500.0,824.0
17201,62557.0,146800.0,941.0
17203,85892.0,186100.0,938.0
18001,60620.0,164500.0,762.0
18003,65967.0,173600.0,924.0
18005,68910.0,197500.0,1063.0
18007,62248.0,122600.0,805.0
18009,54825.0,90200.0,701.0
18011,102805.0,320000.0,1190.0
18013,74161.0,227600.0,902.0
18015,64731.0,152900.0,846.0
18017,60452.0,110600.0,747.0
18019,68493.0,195100.0,1002.0
18021,59057.0,130000.0,788.0
18023,60916.0,140100.0,844.0
18025,53547.0,105500.0,624.0
18027,63777.0,174000.0,820.0
18029,77621.0,210800.0,863.0
18031,65847.0,174400.0,815.0
18033,72910.0,157700.0,783.0
18035,54059.0,120500.0,841.0
18037,71171.0,187000.0,771.0
18039,63777.0,181800.0,945.0
18041,54892.0,99100.0,763.0
18043,74264.0,214800.0,943.0
18045,63973.0,123400.0,793.0
18047,74779.0,200700.0,743.0
18049,62412.0,143400.0,795.0
18051,66247.0,159700.0,818.0
18053,51053.0,109300.0,774.0
18055,61663.0,116400.0,740.0
18057,117068.0,350900.0,1412.0
18059,87845.0,235500.0,1058.0
18061,72259.0,202900.0,847.0
18063,94760.0,257700.0,1271.0
18065,54714.0,124900.0,787.0
18067,56960.0,143100.0,855.0
18069,59491.0,134000.0,802.0
18071,66082.0,161300.0,905.0
18073,75738.0,190700.0,906.0
18075,57690.0,101500.0,771.0
18077,64214.0,168100.0,798.0
18079,63597.0,133200.0,873.0
18081,83036.0,240700.0,1155.0
18083,58238.0,122100.0,746.0
18085,71611.0,183300.0,946.0
18087,81010.0,230300.0,817.0
18089,66169.0,195100.0,1039.0
18091,66336.0,166200.0,860.0
18093,60141.0,146700.0,776.0
18095,58926.0,135100.0,888.0
18097,62776.0,184100.0,1042.0
18099,70938.0,170800.0,882.0
18101,64216.0,142400.0,603.0
18103,60835.0,112800.0,776.0
18105,64299.0,240600.0,1105.0
18107,66283.0,156400.0,787.0
18109,75542.0,200600.0,952.0
18111,66837.0,147900.0,811.0
18113,69567.0,168100.0,774.0
18115,70618.0,189600.0,852.0
18117,54128.0,125100.0,767.0
18119,62460.0,151400.0,843.0
18121,64700.0,121500.0,780.0
18123,55503.0,136700.0,632.0
18125,63487.0,127000.0,648.0
18127,84352.0,242300.0,1092.0
18129,75907.0,200900.0,735.0
18131,60487.0,131500.0,702.0
18133,68301.0,175600.0,866.0
18135,56920.0,97600.0,758.0
18137,63571.0,188400.0,750.0
18139,61653.0,147200.0,802.0
18141,61028.0,165700.0,969.0
18143,57837.0,137200.0,813.0
18145,66045.0,170000.0,910.0
18147,70440.0,168200.0,715.0
18149,58523.0,145600.0,656.0
18151,73250.0,187500.0,896.0
18153,55497.0,115200.0,797.0
18155,63246.0,162000.0,697.0
18157,56088.0,199300.0,1020.0
18159,65025.0,150700.0,842.0
18161,61171.0,149500.0,809.0
18163,57997.0,162800.0,930.0
18165,58280.0,99400.0,783.0
18167,52286.0,130300.0,853.0
18169,64025.0,135800.0,731.0
18171,73539.0,151400.0,841.0
18173,84567.0,215600.0,964.0
18175,65342.0,158200.0,714.0
18177,51622.0,119400.0,793.0
18179,68879.0,161300.0,803.0
18181,66167.0,153200.0,819.0
18183,72448.0,189800.0,902.0
19001,66997.0,131600.0,723.0
19003,58973.0,109400.0,787.0
19005,60743.0,156900.0,721.0
19007,53589.0,113900.0,757.0
19009,60504.0,99900.0,735.0
19011,82762.0,189000.0,766.0
19013,62020.0,172500.0,932.0
19015,74896.0,171600.0,852.0
19017,83797.0,202600.0,783.0
19019,70498.0,166200.0,788.0
19021,67552.0,138100.0,781.0
19023,67233.0,146300.0,749.0
19025,64634.0,104900.0,696.0
19027,73643.0,162000.0,697.0
19029,61204.0,127400.0,699.0
19031,71563.0,180700.0,830.0
19033,63279.0,145200.0,812.0
19035,65985.0,145300.0,655.0
19037,74077.0,151700.0,745.0
19039,65129.0,127200.0,701.0
19041,68542.0,151400.0,752.0
19043,64486.0,149500.0,738.0
19045,61136.0,144900.0,795.0
19047,67363.0,118400.0,732.0
19049,109138.0,314900.0,1198.0
19051,65201.0,140300.0,835.0
19053,51749.0,97000.0,621.0
19055,74017.0,154600.0,732.0
19057,59688.0,135300.0,882.0
19059,75406.0,236100.0,902.0
19061,73492.0,210300.0,912.0
19063,56834.0,102700.0,724.0
19065,56599.0,123000.0,780.0
19067,64553.0,128800.0,627.0
19069,63775.0,108200.0,707.0
19071,69018.0,140400.0,709.0
19073,63562.0,119100.0,828.0
19075,79386.0,166300.0,742.0
19077,72701.0,153100.0,788.0
19079,68795.0,116000.0,830.0
19081,67498.0,116000.0,782.0
19083,59622.0,109300.0,752.0
19085,73457.0,152000.0,819.0
19087,63702.0,145200.0,727.0
19089,66979.0,125100.0,708.0
19091,71521.0,134300.0,662.0
19093,67696.0,108000.0,646.0
19095,72948.0,175600.0,732.0
19097,64792.0,162100.0,726.0
19099,69047.0,163800.0,812.0
19101,59603.0,141500.0,838.0
19103,74909.0,277800.0,1086.0
19105,70671.0,165200.0,693.0
19107,65653.0,105500.0,744.0
19109,65510.0,118800.0,818.0
19111,59017.0,121000.0,782.0
19113,74134.0,188800.0,878.0
19115,70953.0,125500.0,747.0
19117,60245.0,111000.0,773.0
19119,74061.0,190800.0,776.0
19121,80887.0,230500.0,932.0
19123,68759.0,135100.0,773.0
19125,73451.0,192300.0,845.0
19127,69818.0,125900.0,832.0
19129,75835.0,225500.0,843.0
19131,65132.0,149200.0,720.0
19133,60237.0,108700.0,761.0
19135,66176.0,128000.0,723.0
19137,58895.0,99300.0,718.0
19139,69096.0,159000.0,936.0
19141,67470.0,141900.0,691.0
19143,64993.0,114800.0,801.0
19145,60567.0,112400.0,742.0
19147,65438.0,117000.0,631.0
19149,79431.0,199800.0,816.0
19151,61927.0,90400.0,735.0
19153,77369.0,232000.0,1060.0
19155,68712.0,169400.0,956.0
19157,69566.0,173600.0,850.0
19159,60061.0,143100.0,699.0
19161,72499.0,119500.0,622.0
19163,68576.0,198000.0,919.0
19165,71628.0,152900.0,879.0
19167,75994.0,220700.0,795.0
19169,68720.0,229100.0,991.0
19171,66295.0,129400.0,829.0
19173,56021.0,104500.0,636.0
19175,55812.0,113800.0,712.0
19177,64550.0,107700.0,661.0
19179,61555.0,105800.0,909.0
19181,90943.0,234300.0,943.0
19183,70539.0,182400.0,849.0
19185,58000.0,98700.0,627.0
19187,67110.0,130400.0,747.0
19189,66776.0,121700.0,669.0
19191,72032.0,225400.0,763.0
19193,66830.0,158000.0,913.0
19195,71329.0,130600.0,685.0
19197,67291.0,105400.0,731.0
20001,50995.0,95700.0,703.0
20003,59683.0,141700.0,778.0
20005,59085.0,123400.0,771.0
20007,59845.0,83300.0,695.0
20009,56711.0,113200.0,738.0
20011,44954.0,95600.0,774.0
20013,56391.0,108700.0,662.0
20015,80214.0,181700.0,963.0
20017,58580.0,108300.0,602.0
20019,49457.0,58400.0,740.0
20021,54965.0,91800.0,743.0
20023,56500.0,114700.0,673.0
20025,58914.0,78500.0,798.0
20027,59021.0,136600.0,750.0
20029,52483.0,91100.0,713.0
20031,69100.0,131200.0,813.0
20033,53657.0,63800.0,635.0
20035,56416.0,104000.0,776.0
20037,51835.0,114100.0,821.0
20039,51152.0,76100.0,700.0
20041,63136.0,137000.0,755.0
20043,64608.0,116400.0,733.0
20045,67482.0,259500.0,1041.0
20047,55777.0,65500.0,715.0
20049,47094.0,57100.0,554.0
20051,61675.0,199100.0,864.0
20053,63636.0,109400.0,675.0
20055,69966.0,183900.0,964.0
20057,67714.0,121500.0,948.0
20059,67263.0,175500.0,882.0
20061,60026.0,162400.0,1132.0
20063,64037.0,112800.0,726.0
20065,53233.0,87400.0,696.0
20067,66022.0,147800.0,676.0
20069,77761.0,162400.0,802.0
20071,72300.0,115700.0,749.0
20073,52145.0,64900.0,663.0
20075,63442.0,116800.0,900.0
20077,52893.0,81000.0,654.0
20079,73854.0,160100.0,857.0
20081,69971.0,132500.0,713.0
20083,67478.0,86100.0,854.0
20085,70445.0,169100.0,821.0
20087,75774.0,193000.0,832.0
20089,56144.0,58400.0,570.0
20091,99174.0,343300.0,1312.0
20093,75773.0,143200.0,996.0
20095,65597.0,97500.0,832.0
20097,61700.0,121600.0,706.0
20099,52318.0,94600.0,723.0
20101,64934.0,82300.0,575.0
20103,79117.0,240800.0,1102.0
20105,58049.0,94100.0,532.0
20107,59651.0,148200.0,763.0
20109,63204.0,116100.0,793.0
20111,55863.0,136100.0,763.0
20113,73766.0,180900.0,871.0
20115,64337.0,114700.0,680.0
20117,58942.0,112300.0,671.0
20119,68038.0,137500.0,736.0
20121,82606.0,253100.0,1034.0
20123,63929.0,100700.0,668.0
20125,54955.0,90200.0,747.0
20127,60741.0,111700.0,706.0
20129,62896.0,96000.0,653.0
02013,85852.0,164100.0,1035.0
20131,72719.0,174500.0,780.0
20133,49322.0,99400.0,623.0
20135,61539.0,80400.0,606.0
20137,56604.0,109800.0,722.0
20139,62995.0,138400.0,781.0
20141,53971.0,80600.0,618.0
20143,69542.0,157800.0,717.0
20145,47939.0,93800.0,769.0
20147,58834.0,95400.0,601.0
20149,85822.0,221600.0,1009.0
20151,65812.0,111100.0,763.0
20153,59116.0,108500.0,695.0
20155,57663.0,119200.0,828.0
20157,53974.0,71000.0,656.0
20159,61727.0,87700.0,711.0
02016,112218.0,377100.0,1672.0
20161,55876.0,231000.0,1016.0
20163,57029.0,88200.0,676.0
20165,56629.0,74900.0,724.0
20167,48754.0,103500.0,757.0
20169,57563.0,161900.0,869.0
20171,71121.0,166100.0,642.0
20173,64720.0,175700.0,937.0
20175,63579.0,126000.0,827.0
20177,61255.0,159900.0,942.0
20179,62918.0,134900.0,622.0
20181,57044.0,123900.0,827.0
20183,52101.0,83900.0,564.0
20185,58019.0,96100.0,598.0
20187,76137.0,74000.0,825.0
20189,69320.0,133800.0,899.0
20191,62921.0,116400.0,838.0
20193,62916.0,165300.0,742.0
20195,54628.0,114900.0,646.0
20197,68435.0,169600.0,790.0
20199,62309.0,96200.0,564.0
02020,99162.0,363800.0,1405.0
20201,63797.0,106100.0,540.0
20203,68225.0,96700.0,683.0
20205,52064.0,91700.0,725.0
20207,49477.0,85300.0,584.0
20209,58701.0,139800.0,1043.0
02050,59011.0,120600.0,1408.0
02060,96382.0,253400.0,1183.0
02063,91356.0,287900.0,1364.0
02066,63837.0,235100.0,877.0
02068,90897.0,227000.0,863.0
02070,69716.0,167700.0,1106.0
02090,84166.0,276800.0,1360.0
02100,70610.0,289200.0,889.0
21001,44153.0,126900.0,725.0
21003,61655.0,160200.0,831.0
21005,66846.0,198800.0,839.0
21007,56605.0,102000.0,758.0
21009,50658.0,156800.0,745.0
21011,48260.0,101300.0,566.0
21013,33923.0,76700.0,608.0
21015,90265.0,237600.0,1177.0
21017,56879.0,187700.0,761.0
21019,55397.0,129000.0,796.0
21021,57975.0,179800.0,762.0
21023,58301.0,115100.0,744.0
21025,36300.0,58800.0,501.0
21027,52400.0,124800.0,697.0
21029,77192.0,214000.0,947.0
21031,50824.0,102200.0,650.0
21033,51553.0,103200.0,706.0
21035,51949.0,169100.0,770.0
21037,74149.0,214400.0,979.0
21039,54535.0,90100.0,764.0
21041,59226.0,128100.0,806.0
21043,48285.0,122300.0,708.0
21045,43539.0,124300.0,618.0
21047,56610.0,142000.0,984.0
21049,61641.0,183200.0,858.0
02105,64181.0,243800.0,996.0
21051,34473.0,73500.0,642.0
21053,41739.0,90600.0,605.0
21055,50452.0,105300.0,670.0
21057,48864.0,126100.0,516.0
21059,65949.0,171100.0,890.0
21061,51402.0,116000.0,672.0
21063,40312.0,90400.0,625.0
21065,39402.0,100600.0,665.0
21067,63667.0,247900.0,1065.0
21069,50012.0,109300.0,684.0
21071,37296.0,89900.0,740.0
21073,58456.0,184000.0,902.0
21075,40409.0,75000.0,622.0
21077,59175.0,154600.0,815.0
21079,57748.0,170800.0,825.0
21081,66458.0,173600.0,835.0
21083,53408.0,134900.0,662.0
21085,52130.0,141500.0,636.0
21087,46169.0,97100.0,610.0
21089,54462.0,132200.0,824.0
21091,66300.0,116800.0,785.0
21093,61920.0,186500.0,909.0
21095,36022.0,71300.0,625.0
21097,60962.0,170600.0,710.0
21099,47229.0,115500.0,658.0
02110,102097.0,404600.0,1464.0
21101,55530.0,156200.0,775.0
21103,65068.0,161600.0,863.0
21105,53838.0,112700.0,755.0
21107,52198.0,125800.0,815.0
21109,41007.0,101900.0,652.0
21111,64719.0,222200.0,1045.0
21113,69216.0,226900.0,972.0
21115,42877.0,130900.0,714.0
21117,77284.0,207700.0,961.0
21119,38456.0,66600.0,635.0
21121,36573.0,109200.0,623.0
21123,53939.0,164000.0,816.0
21125,50721.0,141300.0,772.0
21127,42776.0,100300.0,735.0
21129,34632.0,77400.0,567.0
21131,36666.0,77900.0,550.0
21133,37854.0,66000.0,625.0
21135,44098.0,83400.0,690.0
21137,49814.0,130100.0,678.0
21139,55355.0,108100.0,849.0
21141,56823.0,134200.0,683.0
21143,58938.0,164100.0,689.0
21145,60026.0,172300.0,849.0
21147,35443.0,85300.0,580.0
21149,55555.0,139400.0,534.0
21151,60994.0,200600.0,826.0
21153,35669.0,83400.0,623.0
21155,53676.0,141000.0,687.0
21157,64395.0,160600.0,742.0
21159,34435.0,91800.0,695.0
21161,49029.0,156600.0,697.0
21163,69632.0,187400.0,929.0
21165,43226.0,104600.0,646.0
21167,65292.0,181400.0,720.0
21169,44973.0,95100.0,585.0
21171,45872.0,113900.0,654.0
21173,55924.0,142300.0,775.0
21175,41863.0,90800.0,681.0
21177,48190.0,115900.0,658.0
21179,66681.0,204000.0,913.0
21181,51100.0,111300.0,661.0
21183,50275.0,114900.0,760.0
21185,116173.0,357500.0,1113.0
21187,60592.0,151300.0,827.0
21191,65727.0,152000.0,838.0
21193,43945.0,92800.0,735.0
21195,41837.0,96900.0,826.0
21197,42434.0,123400.0,693.0
21199,46380.0,140400.0,810.0
21201,53456.0,143500.0,625.0
21203,45161.0,100300.0,685.0
21205,50498.0,149900.0,759.0
21207,44425.0,121400.0,611.0
21209,86169.0,240800.0,1098.0
21211,81815.0,247500.0,939.0
21213,58550.0,178600.0,968.0
21215,101552.0,288200.0,927.0
21217,52414.0,156800.0,708.0
21219,53280.0,126600.0,789.0
02122,76254.0,280900.0,1126.0
21221,56433.0,173900.0,639.0
21223,65828.0,152600.0,894.0
21225,58223.0,109100.0,735.0
21227,60651.0,227300.0,942.0
21229,59937.0,158700.0,782.0
21231,39863.0,112800.0,676.0
21233,56052.0,86700.0,710.0
21235,43604.0,114300.0,692.0
21237,37718.0,62200.0,440.0
21239,76633.0,259100.0,936.0
02130,82648.0,361000.0,1275.0
02150,83222.0,355000.0,1646.0
02158,41824.0,82200.0,819.0
02164,63038.0,167000.0,933.0
02170,86313.0,296900.0,1242.0
02180,64480.0,181300.0,1349.0
02185,95795.0,193800.0,1231.0
02188,69234.0,147200.0,1386.0
02195,76641.0,279800.0,1074.0
02198,58381.0,220800.0,883.0
22001,42981.0,145100.0,719.0
22003,51423.0,113400.0,734.0
22005,81284.0,255600.0,1230.0
22007,54403.0,130600.0,766.0
22009,41587.0,123600.0,749.0
22011,64394.0,150200.0,867.0
22013,41807.0,85800.0,541.0
22015,63812.0,206600.0,1101.0
22017,47699.0,166700.0,927.0
22019,61797.0,196900.0,1025.0
22021,46464.0,103500.0,801.0
22025,41676.0,91300.0,712.0
22027,37788.0,79100.0,626.0
22029,41101.0,94600.0,772.0
22031,52776.0,144100.0,660.0
22033,61376.0,232800.0,1081.0
22035,30688.0,72600.0,724.0
22037,56830.0,204800.0,678.0
22039,40933.0,101000.0,667.0
22041,38584.0,99200.0,701.0
22043,52832.0,128100.0,816.0
22045,45077.0,152400.0,846.0
22047,53205.0,161400.0,803.0
22049,43813.0,105700.0,703.0
22051,61157.0,231700.0,1121.0
22053,52414.0,149800.0,787.0
22055,58641.0,222400.0,986.0
22057,59575.0,177200.0,873.0
22059,55633.0,120500.0,646.0
22061,44752.0,184300.0,817.0
22063,72887.0,210100.0,1130.0
22065,33403.0,88200.0,603.0
22067,39493.0,104300.0,714.0
22069,42178.0,155700.0,786.0
22071,51913.0,281500.0,1162.0
22073,47283.0,172800.0,886.0
22075,71876.0,253300.0,1559.0
22077,56457.0,172500.0,843.0
22079,55870.0,171400.0,925.0
22081,44139.0,99100.0,710.0
22083,44470.0,121800.0,772.0
22085,45072.0,112300.0,659.0
22087,51485.0,184000.0,1037.0
22089,75223.0,248600.0,1122.0
22091,45024.0,104700.0,761.0
22093,67938.0,185200.0,801.0
22095,60569.0,173200.0,1139.0
22097,42765.0,148400.0,739.0
22099,54265.0,139900.0,773.0
22101,48242.0,128000.0,829.0
22103,78629.0,262400.0,1247.0
22105,54942.0,193300.0,930.0
22107,33290.0,78300.0,622.0
22109,57376.0,174400.0,956.0
22111,48003.0,117300.0,698.0
22113,50554.0,154000.0,745.0
22115,52626.0,141900.0,1020.0
22117,41779.0,133200.0,731.0
22119,43698.0,100100.0,735.0
22121,71362.0,223900.0,976.0
22123,41380.0,100600.0,673.0
22125,68266.0,239700.0,1034.0
22127,45646.0,98100.0,624.0
02220,90345.0,424700.0,1309.0
02230,73603.0,434300.0,1044.0
02240,74732.0,222200.0,1190.0
02275,67761.0,273800.0,966.0
02282,78552.0,152100.0,1304.0
02290,47798.0,86600.0,906.0
23001,62848.0,211800.0,916.0
23003,51562.0,125400.0,681.0
23005,88571.0,372900.0,1389.0
23007,52159.0,170600.0,752.0
23009,63879.0,250900.0,949.0
23011,63191.0,198300.0,900.0
23013,65615.0,260800.0,1027.0
23015,72657.0,276400.0,930.0
23017,58842.0,176800.0,781.0
23019,60761.0,176700.0,932.0
23021,52529.0,137800.0,792.0
23023,73587.0,268600.0,991.0
23025,55093.0,150500.0,849.0
23027,63619.0,210600.0,886.0
23029,55381.0,135400.0,687.0
23031,81315.0,323500.0,1166.0
24001,50582.0,143300.0,743.0
24003,112525.0,432000.0,1908.0
24005,86198.0,310800.0,1479.0
24009,118110.0,418900.0,1589.0
24011,65981.0,258800.0,1074.0
24013,105096.0,390200.0,1283.0
24015,84513.0,292500.0,1322.0
24017,112932.0,382800.0,1839.0
24019,54206.0,226000.0,968.0
24021,116796.0,412500.0,1633.0
24023,59080.0,220100.0,681.0
24025,100334.0,351100.0,1475.0
24027,133068.0,551300.0,1920.0
24029,69695.0,291900.0,1072.0
24031,118020.0,588900.0,1957.0
24033,93833.0,380500.0,1713.0
24035,109436.0,421900.0,1600.0
24037,112154.0,376900.0,1595.0
24039,53590.0,157200.0,934.0
24041,76583.0,382000.0,1204.0
24043,69271.0,262400.0,1049.0
24045,68851.0,226900.0,1190.0
24047,75969.0,310300.0,1144.0
24510,54735.0,202900.0,1235.0
25001,89774.0,519100.0,1536.0
25003,71102.0,266400.0,1003.0
25005,80702.0,385000.0,1116.0
25007,89136.0,998100.0,1636.0
25009,92118.0,535300.0,1580.0
25011,69929.0,284100.0,1109.0
25013,64030.0,258100.0,1051.0
25015,81878.0,344200.0,1263.0
25017,118494.0,654300.0,2004.0
25019,107613.0,1265600.0,2052.0
25021,115770.0,612100.0,1933.0
25023,102647.0,475500.0,1550.0
25025,84548.0,650900.0,1953.0
25027,86078.0,363200.0,1263.0
26001,53788.0,148200.0,801.0
26003,59390.0,156500.0,716.0
26005,75893.0,225000.0,1004.0
26007,54161.0,128000.0,638.0
26009,71945.0,199800.0,919.0
26011,53615.0,118200.0,665.0
26013,52491.0,121700.0,562.0
26015,71173.0,223600.0,966.0
26017,56388.0,125000.0,786.0
26019,65846.0,243600.0,970.0
26021,61790.0,193600.0,885.0
26023,63634.0,140200.0,899.0
26025,59652.0,138700.0,897.0
26027,65703.0,181100.0,835.0
26029,71362.0,220000.0,894.0
26031,60849.0,167400.0,787.0
26033,58924.0,142000.0,785.0
26035,47973.0,112400.0,750.0
26037,80212.0,226000.0,1022.0
26039,57600.0,135400.0,834.0
26041,57019.0,139200.0,655.0
26043,56349.0,122600.0,710.0
26045,71499.0,194500.0,1013.0
26047,69805.0,246300.0,985.0
26049,57443.0,158400.0,893.0
26051,55017.0,140600.0,680.0
26053,50142.0,87800.0,503.0
26055,74746.0,273300.0,1147.0
26057,58074.0,126500.0,757.0
26059,60070.0,159000.0,770.0
26061,55623.0,129200.0,743.0
26063,50177.0,129500.0,710.0
26065,60571.0,173600.0,1027.0
26067,74391.0,169600.0,870.0
26069,46129.0,118400.0,696.0
26071,54149.0,95800.0,627.0
26073,54642.0,159500.0,840.0
26075,61299.0,166700.0,920.0
26077,69689.0,209700.0,994.0
26079,59160.0,152800.0,791.0
26081,76923.0,242200.0,1111.0
26083,57103.0,155900.0,638.0
26085,48545.0,117100.0,764.0
26087,72737.0,219300.0,908.0
26089,89007.0,371200.0,1157.0
26091,67486.0,168100.0,924.0
26093,101227.0,311800.0,1207.0
26095,49371.0,104600.0,746.0
26097,56942.0,157000.0,749.0
26099,73927.0,216200.0,1124.0
26101,55788.0,157800.0,801.0
26103,61598.0,184300.0,904.0
26105,64014.0,181200.0,846.0
26107,56096.0,153000.0,844.0
26109,50564.0,132200.0,663.0
26111,77595.0,171600.0,931.0
26113,59230.0,153300.0,808.0
26115,72166.0,202200.0,996.0
26117,61590.0,154900.0,823.0
26119,50680.0,125600.0,802.0
26121,58303.0,162300.0,915.0
26123,57992.0,165000.0,854.0
26125,90801.0,302800.0,1243.0
26127,56853.0,151700.0,796.0
26129,53480.0,125300.0,782.0
26131,45694.0,89700.0,545.0
26133,54727.0,128200.0,739.0
26135,46626.0,122500.0,736.0
26137,65915.0,178400.0,865.0
26139,85968.0,269200.0,1080.0
26141,56375.0,124800.0,633.0
26143,49151.0,133400.0,776.0
26145,54064.0,131100.0,876.0
26147,64894.0,197300.0,982.0
26149,60489.0,152800.0,811.0
26151,56079.0,149300.0,770.0
26153,56707.0,129100.0,572.0
26155,61959.0,151900.0,851.0
26157,61978.0,127200.0,782.0
26159,61638.0,172100.0,843.0
26161,80941.0,336300.0,1335.0
26163,55928.0,158600.0,1043.0
26165,56379.0,146100.0,831.0
27001,59064.0,222100.0,815.0
27003,92249.0,302300.0,1356.0
27005,67448.0,249600.0,854.0
27007,59882.0,203900.0,935.0
27009,71493.0,229300.0,907.0
27011,57821.0,115000.0,707.0
27013,68279.0,239200.0,1007.0
27015,64093.0,165200.0,825.0
27017,78478.0,218000.0,955.0
27019,117602.0,400500.0,1384.0
27021,67121.0,241000.0,874.0
27023,61878.0,138900.0,788.0
27025,98183.0,299800.0,1095.0
27027,79357.0,241400.0,972.0
27029,64716.0,161800.0,753.0
27031,69279.0,289500.0,874.0
27033,59981.0,141600.0,755.0
27035,67373.0,245200.0,888.0
27037,97727.0,341200.0,1410.0
27039,88994.0,245800.0,901.0
27041,73521.0,277800.0,847.0
27043,67302.0,116000.0,697.0
27045,72065.0,196200.0,724.0
27047,65632.0,154700.0,803.0
27049,82091.0,254500.0,895.0
27051,68381.0,161100.0,778.0
27053,89418.0,358000.0,1373.0
27055,76170.0,216400.0,870.0
27057,67797.0,245500.0,827.0
27059,83212.0,262500.0,1161.0
27061,66958.0,198500.0,896.0
27063,66694.0,140500.0,764.0
27065,69588.0,205400.0,863.0
27067,72281.0,214600.0,800.0
27069,65244.0,122100.0,649.0
27071,63035.0,132200.0,686.0
27073,67556.0,127300.0,750.0
27075,73724.0,200900.0,837.0
27077,62143.0,204300.0,821.0
27079,86864.0,271900.0,878.0
27081,64860.0,139500.0,677.0
27083,70958.0,177600.0,718.0
27085,80874.0,214300.0,831.0
27087,52926.0,132900.0,693.0
27089,70606.0,140900.0,694.0
27091,61721.0,148100.0,767.0
27093,76506.0,216800.0,860.0
27095,65294.0,221300.0,874.0
27097,64588.0,220600.0,779.0
27099,68718.0,158000.0,818.0
27101,68665.0,163500.0,697.0
27103,78091.0,240700.0,901.0
27105,65374.0,161000.0,852.0
27107,64319.0,129300.0,717.0
27109,88032.0,285600.0,1193.0
27111,65076.0,234200.0,769.0
27113,76423.0,173800.0,935.0
27115,65139.0,207100.0,863.0
27117,65499.0,126500.0,677.0
27119,69538.0,204600.0,822.0
27121,68888.0,225900.0,779.0
27123,75041.0,289300.0,1214.0
27125,74120.0,150700.0,631.0
27127,66582.0,138700.0,759.0
27129,66568.0,138200.0,746.0
27131,77962.0,279700.0,1021.0
27133,69835.0,189100.0,788.0
27135,71794.0,164200.0,794.0
27137,63141.0,192900.0,927.0
27139,115687.0,376000.0,1419.0
27141,97999.0,306000.0,1166.0
27143,75596.0,196600.0,818.0
27145,72378.0,241100.0,975.0
27147,75474.0,217100.0,914.0
27149,69171.0,170700.0,821.0
27151,67166.0,132400.0,823.0
27153,66300.0,173200.0,785.0
27155,63913.0,109300.0,589.0
27157,78953.0,230400.0,800.0
27159,57527.0,163400.0,694.0
27161,71519.0,191800.0,831.0
27163,107649.0,379300.0,1577.0
27165,61295.0,119200.0,736.0
27167,71924.0,169100.0,549.0
27169,65699.0,203500.0,803.0
27171,95259.0,310900.0,1149.0
27173,67543.0,145400.0,640.0
28001,39547.0,99300.0,695.0
28003,49627.0,125800.0,700.0
28005,45433.0,91400.0,677.0
28007,44404.0,99100.0,693.0
28009,43247.0,96200.0,675.0
28011,39984.0,118200.0,698.0
28013,44172.0,82900.0,617.0
28015,49397.0,103700.0,563.0
28017,43776.0,88000.0,709.0
28019,49225.0,104200.0,649.0
28021,35591.0,78500.0,584.0
28023,46524.0,99300.0,752.0
28025,43451.0,110600.0,731.0
28027,36071.0,84400.0,706.0
28029,43308.0,93600.0,696.0
28031,46630.0,76700.0,711.0
28033,79967.0,227600.0,1252.0
28035,51344.0,144000.0,911.0
28037,47165.0,96200.0,697.0
28039,61956.0,157200.0,796.0
28041,52585.0,97500.0,753.0
28043,46718.0,130100.0,773.0
28045,59874.0,197400.0,956.0
28047,55916.0,185000.0,1034.0
28049,47479.0,141600.0,1004.0
28051,31972.0,73900.0,610.0
28053,33148.0,79900.0,669.0
28055,36922.0,96300.0,297.0
28057,56484.0,114300.0,789.0
28059,61515.0,161700.0,1001.0
28061,44810.0,110400.0,804.0
28063,33852.0,76400.0,411.0
28065,36642.0,87800.0,644.0
28067,58000.0,120100.0,779.0
28069,39856.0,89300.0,475.0
28071,61736.0,242800.0,1092.0
28073,62326.0,209700.0,1034.0
28075,49351.0,121900.0,865.0
28077,46407.0,104300.0,785.0
28079,46429.0,98800.0,771.0
28081,58266.0,172900.0,898.0
28083,35520.0,95100.0,688.0
28085,48596.0,128100.0,705.0
28087,49344.0,155300.0,903.0
28089,80641.0,264700.0,1062.0
28091,44129.0,104100.0,625.0
28093,52162.0,150400.0,887.0
28095,51754.0,109500.0,724.0
28097,42195.0,97100.0,656.0
28099,50331.0,94300.0,756.0
28101,47320.0,100800.0,684.0
28103,36608.0,85000.0,582.0
28105,47284.0,211200.0,880.0
28107,40595.0,115800.0,830.0
28109,55830.0,167700.0,909.0
28111,45071.0,126400.0,732.0
28113,40945.0,115900.0,831.0
28115,51086.0,136700.0,820.0
28117,49217.0,112200.0,656.0
28119,40255.0,65500.0,634.0
28121,72906.0,203300.0,1177.0
28123,45764.0,81300.0,775.0
28125,36375.0,88100.0,628.0
28127,50994.0,104600.0,793.0
28129,51746.0,120200.0,649.0
28131,54283.0,164400.0,772.0
28133,38423.0,103800.0,650.0
28135,39009.0,83400.0,682.0
28137,58623.0,163700.0,876.0
28139,52635.0,117100.0,703.0
28141,51652.0,123100.0,677.0
28143,37694.0,150800.0,901.0
28145,56050.0,144900.0,855.0
28147,40828.0,113800.0,708.0
28149,52117.0,142100.0,874.0
28151,39690.0,93000.0,756.0
28153,43562.0,89100.0,771.0
28155,51249.0,107700.0,626.0
28157,36798.0,78500.0,497.0
28159,50082.0,110100.0,622.0
28161,45658.0,94100.0,683.0
28163,39620.0,117800.0,829.0
29001,46433.0,146700.0,758.0
29003,72630.0,175300.0,872.0
29005,57883.0,96100.0,608.0
29007,56305.0,112300.0,707.0
29009,49968.0,159000.0,710.0
29011,49857.0,115600.0,681.0
29013,57291.0,151300.0,736.0
29015,51473.0,154700.0,825.0
29017,53932.0,123500.0,752.0
29019,63981.0,237600.0,994.0
29021,56751.0,149600.0,856.0
29023,44853.0,132600.0,729.0
29025,56660.0,143300.0,632.0
29027,72398.0,184300.0,807.0
29029,63703.0,248700.0,799.0
29031,64118.0,194200.0,854.0
29033,56818.0,105500.0,754.0
29035,42907.0,181100.0,625.0
29037,77805.0,242300.0,1097.0
29039,45952.0,152700.0,759.0
29041,56633.0,121000.0,525.0
29043,73616.0,229200.0,937.0
29045,63249.0,124600.0,580.0
29047,78930.0,237200.0,1133.0
29049,68337.0,187200.0,938.0
29051,70837.0,198900.0,783.0
29053,63247.0,168200.0,724.0
29055,52536.0,156500.0,784.0
29057,49386.0,137400.0,641.0
29059,49830.0,139400.0,635.0
29061,53639.0,133400.0,689.0
29063,66880.0,160300.0,745.0
29065,52945.0,123300.0,648.0
29067,43694.0,148900.0,704.0
29069,39688.0,93300.0,629.0
29071,65779.0,201700.0,831.0
29073,59287.0,159100.0,661.0
29075,52653.0,115400.0,595.0
29077,55751.0,182800.0,895.0
29079,48457.0,111300.0,676.0
29081,51910.0,95900.0,638.0
29083,54177.0,153600.0,732.0
29085,43468.0,108900.0,692.0
29087,51295.0,115500.0,658.0
29089,53862.0,140900.0,823.0
29091,44858.0,141600.0,686.0
29093,44329.0,109400.0,662.0
29095,62509.0,196900.0,1096.0
29097,53548.0,147500.0,878.0
29099,78297.0,202500.0,957.0
29101,60086.0,206600.0,912.0
29103,49552.0,89000.0,639.0
29105,53224.0,151800.0,791.0
29107,70457.0,187000.0,834.0
29109,58031.0,145800.0,783.0
29111,57053.0,104500.0,606.0
29113,77913.0,206800.0,958.0
29115,52831.0,107600.0,648.0
29117,56654.0,139700.0,755.0
29119,50100.0,117200.0,737.0
29121,52847.0,115900.0,699.0
29123,47068.0,127300.0,825.0
29125,54815.0,197400.0,583.0
29127,57635.0,150900.0,757.0
29129,49715.0,104800.0,496.0
29131,61711.0,164900.0,726.0
29133,42364.0,92600.0,686.0
29135,64519.0,162100.0,747.0
29137,50276.0,136600.0,693.0
29139,56538.0,162200.0,769.0
29141,51700.0,174500.0,687.0
29143,48162.0,93400.0,708.0
29145,57423.0,162900.0,781.0
29147,57507.0,157200.0,739.0
29149,45273.0,115700.0,789.0
29151,69094.0,183000.0,592.0
29153,44242.0,142600.0,636.0
29155,38456.0,94900.0,722.0
29157,63127.0,179900.0,877.0
29159,58827.0,150000.0,838.0
29161,54740.0,174100.0,770.0
29163,59081.0,114100.0,724.0
29165,93925.0,288100.0,1210.0
29167,53693.0,171700.0,752.0
29169,61718.0,177400.0,1032.0
29171,49532.0,99600.0,609.0
29173,65016.0,144300.0,777.0
29175,48762.0,131200.0,735.0
29177,70506.0,169200.0,840.0
29179,44409.0,105300.0,643.0
29181,41587.0,103700.0,699.0
29183,98925.0,278300.0,1209.0
29185,45174.0,126500.0,572.0
29186,63786.0,197600.0,744.0
29187,48574.0,141700.0,748.0
29189,79609.0,249400.0,1119.0
29195,54623.0,129600.0,718.0
29197,49508.0,106200.0,414.0
29199,54961.0,136500.0,471.0
29201,57678.0,132800.0,798.0
29203,39671.0,141600.0,556.0
29205,54264.0,85900.0,630.0
29207,53391.0,123000.0,712.0
29209,56418.0,220400.0,867.0
29211,52384.0,91400.0,719.0
29213,53009.0,175100.0,873.0
29215,46622.0,120800.0,631.0
29217,51900.0,127800.0,706.0
29219,74355.0,227000.0,956.0
29221,47636.0,112300.0,694.0
29223,41724.0,110000.0,626.0
29225,59784.0,185100.0,713.0
29227,48397.0,88100.0,355.0
29229,45017.0,141600.0,593.0
29510,52278.0,174100.0,938.0
30001,57497.0,278300.0,839.0
30003,49113.0,159700.0,707.0
30005,53577.0,119400.0,597.0
30007,67927.0,335700.0,846.0
30009,67062.0,355600.0,900.0
30011,50597.0,140900.0,754.0
30013,59184.0,227600.0,866.0
30015,51137.0,172000.0,428.0
30017,64743.0,201000.0,872.0
30019,57141.0,162300.0,530.0
30021,60763.0,197100.0,791.0
30023,52848.0,175700.0,650.0
30025,65637.0,231300.0,812.0
30027,60466.0,175800.0,815.0
30029,66395.0,414200.0,1029.0
30031,83520.0,526700.0,1405.0
30033,50762.0,164900.0,635.0
30035,46270.0,139400.0,599.0
30037,45622.0,138900.0,725.0
30039,58186.0,283300.0,735.0
30041,50518.0,183300.0,729.0
30043,83697.0,354700.0,869.0
30045,60677.0,206000.0,443.0
30047,57225.0,337700.0,851.0
30049,72491.0,332000.0,1006.0
30051,53601.0,118300.0,670.0
30053,48432.0,233400.0,769.0
30055,59086.0,186700.0,474.0
30057,72487.0,375200.0,1101.0
30059,53724.0,205900.0,848.0
30061,55979.0,274700.0,761.0
30063,68210.0,382400.0,1068.0
30065,55291.0,222200.0,1035.0
30067,68594.0,399900.0,896.0
30069,48991.0,152600.0,713.0
30071,56043.0,178100.0,523.0
30073,51057.0,172000.0,785.0
30075,54102.0,167500.0,680.0
30077,60350.0,226600.0,752.0
30079,49838.0,140600.0,866.0
30081,65789.0,378400.0,935.0
30083,72974.0,245900.0,797.0
30085,48712.0,112800.0,650.0
30087,64003.0,159900.0,641.0
30089,47976.0,285300.0,731.0
30091,62982.0,121800.0,789.0
30093,58898.0,195800.0,793.0
30095,81147.0,316200.0,855.0
30097,68006.0,271100.0,876.0
30099,57054.0,217200.0,890.0
30101,49850.0,166200.0,741.0
30103,60454.0,210700.0,950.0
30105,79703.0,183200.0,675.0
30107,44002.0,163200.0,685.0
30109,56317.0,101800.0,964.0
30111,78216.0,289300.0,1055.0
31001,64212.0,166300.0,812.0
31003,63250.0,104500.0,732.0
31005,57018.0,164300.0,933.0
31007,66584.0,174200.0,1042.0
31009,54936.0,85700.0,788.0
31011,68533.0,165400.0,687.0
31013,66762.0,161600.0,748.0
31015,54443.0,95200.0,656.0
31017,55394.0,89700.0,926.0
31019,67809.0,218600.0,885.0
31021,58125.0,123100.0,666.0
31023,76417.0,150400.0,740.0
31025,93195.0,234300.0,970.0
31027,69033.0,160700.0,681.0
31029,64985.0,176900.0,748.0
31031,58017.0,137300.0,832.0
31033,56604.0,117300.0,857.0
31035,64251.0,129600.0,668.0
31037,69549.0,103400.0,907.0
31039,65809.0,160000.0,782.0
31041,60328.0,133400.0,765.0
31043,65986.0,158700.0,959.0
31045,52621.0,142100.0,887.0
31047,62089.0,136900.0,857.0
31049,56099.0,91900.0,778.0
31051,61144.0,123500.0,676.0
31053,68267.0,168900.0,890.0
31055,74424.0,227400.0,1109.0
31057,58441.0,109900.0,503.0
31059,68532.0,122700.0,643.0
31061,59400.0,95400.0,605.0
31063,58241.0,124500.0,614.0
31065,54213.0,85600.0,870.0
31067,64406.0,155600.0,725.0
31069,51734.0,91700.0,733.0
31071,51530.0,123500.0,680.0
31073,67697.0,192100.0,789.0
31075,63469.0,104200.0,917.0
31077,58561.0,85300.0,603.0
31079,66277.0,190800.0,886.0
31081,75369.0,201200.0,822.0
31083,62104.0,135800.0,689.0
31085,60141.0,104800.0,488.0
31087,54488.0,85500.0,734.0
31089,60502.0,148900.0,741.0
31091,53537.0,78300.0,589.0
31093,69423.0,181600.0,816.0
31095,59478.0,116700.0,681.0
31097,60549.0,117300.0,777.0
31099,74686.0,203200.0,784.0
31101,60608.0,158900.0,727.0
31103,51579.0,109000.0,830.0
31105,55797.0,92500.0,807.0
31107,54880.0,112700.0,666.0
31109,68358.0,239900.0,997.0
31111,62442.0,167900.0,854.0
31113,68723.0,123600.0,715.0
31115,60487.0,116500.0,525.0
31117,52774.0,105300.0,636.0
31119,63482.0,187100.0,800.0
31121,68754.0,159300.0,707.0
31123,58889.0,107700.0,725.0
31125,62863.0,108000.0,710.0
31127,61933.0,118300.0,657.0
31129,57278.0,88500.0,614.0
31131,70433.0,172500.0,881.0
31133,55584.0,74000.0,586.0
31135,67296.0,143300.0,756.0
31137,66287.0,161300.0,713.0
31139,70906.0,167400.0,788.0
31141,67132.0,195800.0,872.0
31143,70813.0,152700.0,636.0
31145,60108.0,144700.0,785.0
31147,56121.0,89500.0,700.0
31149,55648.0,87300.0,554.0
31151,72948.0,155800.0,763.0
31153,98619.0,263000.0,1203.0
31155,86179.0,220600.0,892.0
31157,56853.0,150600.0,876.0
31159,77778.0,208700.0,916.0
31161,55388.0,96900.0,756.0
31163,58456.0,112500.0,808.0
31165,60806.0,157800.0,754.0
31167,75068.0,170900.0,829.0
31169,61125.0,91600.0,719.0
31171,58818.0,140600.0,657.0
31173,57129.0,90000.0,724.0
31175,55050.0,125800.0,526.0
31177,87368.0,265800.0,926.0
31179,65664.0,176200.0,764.0
31181,62679.0,92800.0,604.0
31183,55951.0,101400.0,500.0
31185,68440.0,160500.0,842.0
32001,70149.0,255200.0,1142.0
32003,70838.0,368800.0,1406.0
32005,91960.0,529600.0,1360.0
32007,88757.0,274200.0,1077.0
32009,57501.0,95500.0,1312.0
32011,80291.0,177400.0,875.0
32013,80255.0,242200.0,927.0
32015,90190.0,198000.0,869.0
32017,63978.0,171800.0,739.0
32019,74741.0,314200.0,1196.0
32021,55704.0,153400.0,868.0
32023,51933.0,235500.0,1004.0
32027,65315.0,164400.0,652.0
32029,90171.0,297800.0,913.0
32031,80245.0,460000.0,1401.0
32033,67639.0,197600.0,983.0
32510,62859.0,390800.0,1127.0
33001,77531.0,295900.0,1153.0
33003,71981.0,315800.0,1138.0
33005,76227.0,238800.0,1139.0
33007,52292.0,157900.0,825.0
33009,81205.0,273100.0,1197.0
33011,96415.0,356200.0,1444.0
33013,84898.0,297600.0,1199.0
33015,107445.0,424100.0,1518.0
33017,82845.0,300200.0,1308.0
33019,74700.0,211400.0,1118.0
34001,76108.0,254100.0,1268.0
34003,113885.0,561500.0,1782.0
34005,100188.0,304600.0,1575.0
34007,81372.0,241300.0,1264.0
34009,80845.0,372300.0,1285.0
34011,60892.0,192900.0,1202.0
34013,74747.0,466500.0,1404.0
34015,97851.0,265200.0,1435.0
34017,82361.0,486900.0,1722.0
34019,137334.0,478600.0,1627.0
34021,94832.0,327600.0,1454.0
34023,102073.0,411900.0,1739.0
34025,117699.0,519300.0,1683.0
34027,131562.0,531800.0,1814.0
34029,81152.0,343500.0,1639.0
34031,78779.0,413500.0,1484.0
34033,76005.0,208200.0,1165.0
34035,134735.0,489500.0,1846.0
34037,111308.0,322300.0,1501.0
34039,96483.0,458000.0,1570.0
34041,97729.0,302300.0,1292.0
35001,65034.0,247300.0,1017.0
35003,44247.0,156400.0,847.0
35005,47855.0,133200.0,850.0
35006,45674.0,101900.0,753.0
35007,49966.0,138400.0,656.0
35009,52463.0,151300.0,956.0
35011,45208.0,219200.0,688.0
35013,52011.0,187400.0,858.0
35015,65063.0,188400.0,1095.0
35017,47099.0,153900.0,802.0
35019,43862.0,116400.0,412.0
35021,45217.0,95500.0,1018.0
35023,43610.0,102500.0,668.0
35025,59194.0,162000.0,1031.0
35027,54344.0,195800.0,831.0
35028,139217.0,412700.0,1235.0
35029,38796.0,100900.0,572.0
35031,43720.0,70200.0,806.0
35033,45155.0,105600.0,560.0
35035,52787.0,139100.0,882.0
35037,39885.0,76800.0,710.0
35039,56353.0,212700.0,704.0
35041,47854.0,128100.0,795.0
35043,82862.0,258100.0,1280.0
35045,51898.0,170700.0,894.0
35047,47675.0,150400.0,727.0
35049,72836.0,374200.0,1252.0
35051,40420.0,138400.0,729.0
35053,42280.0,132700.0,702.0
35055,48462.0,313400.0,982.0
35057,48322.0,132600.0,731.0
35059,48545.0,126900.0,587.0
35061,53275.0,184400.0,873.0
36001,76997.0,263800.0,1196.0
36003,55466.0,93200.0,735.0
36005,45864.0,501400.0,1401.0
36007,60533.0,139200.0,882.0
36009,52383.0,105100.0,745.0
36011,64129.0,158900.0,868.0
36013,55644.0,110900.0,759.0
36015,56664.0,128200.0,991.0
36017,60755.0,121100.0,798.0
36019,65272.0,165200.0,944.0
36021,83533.0,283700.0,1114.0
36023,58274.0,148200.0,884.0
36025,61424.0,160400.0,785.0
36027,90740.0,348700.0,1425.0
36029,69888.0,197400.0,984.0
36031,62376.0,189500.0,875.0
36033,59192.0,131600.0,788.0
36035,61512.0,142000.0,855.0
36037,68973.0,148600.0,866.0
36039,71433.0,229500.0,1013.0
36041,62149.0,204900.0,902.0
36043,62197.0,130900.0,776.0
36045,58763.0,169600.0,1143.0
36047,73244.0,865300.0,1715.0
36049,64452.0,146100.0,768.0
36051,75077.0,159900.0,919.0
36053,69851.0,162800.0,867.0
36055,68169.0,182700.0,1085.0
36057,58176.0,132300.0,867.0
36059,135528.0,633800.0,2131.0
36061,95514.0,1104000.0,2024.0
36063,63565.0,163100.0,823.0
36065,63894.0,157600.0,889.0
36067,70939.0,172800.0,1002.0
36069,76601.0,192800.0,1061.0
36071,88532.0,337800.0,1494.0
36073,62900.0,122200.0,840.0
36075,59335.0,131800.0,899.0
36077,68962.0,166500.0,927.0
36079,112167.0,421800.0,1691.0
36081,80180.0,677700.0,1847.0
36083,80040.0,230800.0,1141.0
36085,91582.0,637100.0,1602.0
36087,99839.0,528900.0,1755.0
36089,59451.0,114700.0,788.0
36091,93341.0,306000.0,1305.0
36093,74206.0,204400.0,1092.0
36095,67975.0,169400.0,883.0
36097,63233.0,151100.0,808.0
36099,65354.0,132000.0,871.0
36101,60558.0,121000.0,832.0
36103,119253.0,490800.0,2113.0
36105,63733.0,220200.0,996.0
36107,76197.0,144200.0,894.0
36109,72025.0,264300.0,1320.0
36111,79340.0,288400.0,1269.0
36113,69849.0,240600.0,1062.0
36115,67013.0,176900.0,964.0
36117,70917.0,151900.0,877.0
36119,108037.0,619000.0,1796.0
36121,65526.0,143000.0,787.0
36123,62637.0,159800.0,773.0
37001,61034.0,197700.0,959.0
37003,67717.0,169300.0,735.0
37005,49524.0,171800.0,708.0
37007,48284.0,116300.0,818.0
37009,54379.0,199200.0,730.0
37011,53894.0,215900.0,811.0
37013,54415.0,159900.0,835.0
37015,44434.0,87500.0,823.0
37017,46002.0,115900.0,731.0
37019,73536.0,284100.0,1187.0
37021,67906.0,328900.0,1209.0
37023,60629.0,155500.0,768.0
37025,79649.0,281600.0,1185.0
37027,53586.0,158300.0,717.0
37029,82620.0,261000.0,1151.0
37031,67806.0,277400.0,1009.0
37033,54215.0,138600.0,678.0
37035,63934.0,194000.0,866.0
37037,84516.0,373300.0,995.0
37039,51607.0,193500.0,819.0
37041,55818.0,181400.0,814.0
37043,57698.0,251900.0,793.0
37045,53170.0,155000.0,794.0
37047,45379.0,119800.0,738.0
37049,63076.0,194100.0,1056.0
37051,58013.0,166600.0,1098.0
37053,76217.0,314100.0,1217.0
37055,82052.0,386600.0,1259.0
37057,63590.0,184300.0,822.0
37059,63436.0,219400.0,838.0
37061,51270.0,112400.0,765.0
37063,79524.0,311300.0,1301.0
37065,48770.0,106200.0,779.0
37067,62992.0,205700.0,969.0
37069,72415.0,209500.0,971.0
37071,65430.0,206700.0,1005.0
37073,66561.0,153000.0,921.0
37075,50301.0,134000.0,580.0
37077,74120.0,208600.0,937.0
37079,49992.0,108300.0,826.0
37081,63822.0,215700.0,1049.0
37083,44804.0,98700.0,760.0
37085,65242.0,195900.0,1022.0
37087,62374.0,227500.0,954.0
37089,65252.0,291500.0,1032.0
37091,43871.0,103600.0,846.0
37093,60903.0,177500.0,1036.0
37095,48068.0,105300.0,917.0
37097,73446.0,261200.0,1105.0
37099,58491.0,240500.0,804.0
37101,80612.0,240100.0,970.0
37103,56079.0,115400.0,680.0
37105,58244.0,186000.0,923.0
37107,46410.0,101600.0,792.0
37109,78615.0,241200.0,928.0
37111,54042.0,153300.0,725.0
37113,53832.0,210900.0,818.0
37115,54137.0,236300.0,760.0
37117,44445.0,99200.0,758.0
37119,80645.0,334700.0,1413.0
37121,53555.0,191400.0,701.0
37123,55313.0,139900.0,710.0
37125,84458.0,284000.0,1084.0
37127,55406.0,162100.0,879.0
37129,70995.0,320000.0,1249.0
37131,51550.0,96000.0,764.0
37133,62190.0,196800.0,1132.0
37135,87780.0,395600.0,1316.0
37137,59845.0,198600.0,830.0
37139,59066.0,201500.0,1039.0
37141,73663.0,240800.0,1039.0
37143,60665.0,211100.0,1033.0
37145,61302.0,173200.0,777.0
37147,57319.0,178700.0,911.0
37149,61585.0,255000.0,984.0
37151,58037.0,158300.0,813.0
37153,44383.0,111900.0,720.0
37155,39931.0,87700.0,741.0
37157,52494.0,142900.0,743.0
37159,61105.0,187300.0,925.0
37161,53485.0,158200.0,729.0
37163,52248.0,116600.0,752.0
37165,45996.0,99900.0,736.0
37167,58642.0,190700.0,816.0
37169,56259.0,168600.0,784.0
37171,49524.0,153700.0,706.0
37173,55462.0,178900.0,690.0
37175,62173.0,298600.0,861.0
37177,42514.0,140500.0,722.0
37179,95079.0,336600.0,1274.0
37181,49961.0,133000.0,830.0
37183,97099.0,385700.0,1412.0
37185,47170.0,121300.0,726.0
37187,46072.0,97800.0,755.0
37189,57888.0,283000.0,1067.0
37191,55635.0,152300.0,899.0
37193,48229.0,146200.0,712.0
37195,51535.0,153800.0,853.0
37197,61464.0,160500.0,711.0
37199,54455.0,206100.0,757.0
38001,57593.0,109600.0,589.0
38003,67058.0,157800.0,773.0
38005,56605.0,79300.0,563.0
38007,85947.0,237500.0,650.0
38009,69351.0,188500.0,670.0
38011,75386.0,168200.0,862.0
38013,75931.0,135100.0,669.0
38015,83111.0,302300.0,975.0
38017,70002.0,270300.0,909.0
38019,73221.0,122900.0,731.0
38021,56326.0,164700.0,759.0
38023,70513.0,162900.0,1032.0
38025,82490.0,251700.0,906.0
38027,58848.0,108400.0,555.0
38029,60952.0,110200.0,585.0
38031,83156.0,160300.0,710.0
38033,64823.0,142500.0,838.0
38035,64914.0,235400.0,941.0
38037,43988.0,88800.0,629.0
38039,59332.0,119500.0,499.0
38041,66192.0,111100.0,852.0
38043,56951.0,140300.0,740.0
38045,77744.0,116900.0,571.0
38047,60695.0,94400.0,771.0
38049,65378.0,136600.0,753.0
38051,57614.0,83300.0,605.0
38053,84206.0,330200.0,1192.0
38055,79935.0,222100.0,766.0
38057,90092.0,192000.0,1039.0
38059,75133.0,247200.0,973.0
38061,74094.0,205000.0,929.0
38063,59947.0,107400.0,539.0
38065,79521.0,226900.0,594.0
38067,69141.0,112700.0,658.0
38069,59007.0,154400.0,757.0
38071,71307.0,193300.0,663.0
38073,76130.0,145900.0,840.0
38075,71271.0,165500.0,885.0
38077,74253.0,164500.0,725.0
38079,50598.0,90200.0,482.0
38081,75325.0,134900.0,837.0
38083,56922.0,108500.0,439.0
38085,43721.0,97200.0,430.0
38087,69249.0,109900.0,531.0
38089,86963.0,255200.0,988.0
38091,81081.0,119900.0,594.0
38093,65633.0,191000.0,746.0
38095,70656.0,127600.0,622.0
38097,79065.0,172700.0,709.0
38099,67249.0,111700.0,695.0
38101,72091.0,249800.0,1005.0
38103,66294.0,104200.0,594.0
38105,84145.0,255000.0,1097.0
39001,49068.0,138700.0,667.0
39003,60384.0,147000.0,844.0
39005,62037.0,163600.0,815.0
39007,52468.0,139000.0,811.0
39009,48265.0,161700.0,907.0
39011,71669.0,168200.0,815.0
39013,55573.0,130200.0,754.0
39015,64034.0,164500.0,785.0
39017,74841.0,224300.0,1048.0
39019,62482.0,157500.0,756.0
39021,72784.0,166900.0,856.0
39023,57264.0,144900.0,820.0
39025,79492.0,224800.0,984.0
39027,65927.0,172800.0,837.0
39029,54167.0,124400.0,696.0
39031,50731.0,128600.0,694.0
39033,55912.0,117000.0,746.0
39035,60808.0,168700.0,952.0
39037,65643.0,157800.0,731.0
39039,63904.0,147600.0,808.0
39041,121528.0,393000.0,1338.0
39043,67925.0,169400.0,884.0
39045,82447.0,247800.0,1042.0
39047,56901.0,151400.0,772.0
39049,69762.0,243100.0,1169.0
39051,75383.0,163100.0,807.0
39053,51449.0,134000.0,803.0
39055,101636.0,288000.0,1009.0
39057,82769.0,222300.0,1027.0
39059,56004.0,145800.0,801.0
39061,67033.0,205000.0,961.0
39063,72658.0,179600.0,877.0
39065,58844.0,125600.0,755.0
39067,55129.0,112500.0,682.0
39069,72122.0,157500.0,846.0
39071,59464.0,146300.0,736.0
39073,57353.0,164100.0,773.0
39075,75226.0,245800.0,749.0
39077,61482.0,151600.0,805.0
39079,54893.0,127500.0,744.0
39081,54272.0,115100.0,760.0
39083,68334.0,197400.0,878.0
39085,76163.0,189600.0,1027.0
39087,51062.0,127900.0,806.0
39089,76596.0,232200.0,960.0
39091,62449.0,168300.0,802.0
39093,67124.0,191900.0,886.0
39095,57971.0,144200.0,879.0
39097,78533.0,201200.0,899.0
39099,54774.0,132000.0,753.0
39101,59012.0,135900.0,837.0
39103,89108.0,249700.0,1053.0
39105,46393.0,104400.0,689.0
39107,72077.0,192800.0,749.0
39109,72887.0,190900.0,906.0
39111,56384.0,122800.0,668.0
39113,62794.0,154300.0,925.0
39115,58803.0,121200.0,689.0
39117,71835.0,185800.0,895.0
39119,58791.0,156100.0,776.0
39121,57054.0,137500.0,716.0
39123,72780.0,179100.0,846.0
39125,66332.0,122200.0,718.0
39127,60448.0,161300.0,695.0
39129,75916.0,219900.0,906.0
39131,55029.0,131300.0,817.0
39133,72965.0,197100.0,990.0
39135,67605.0,158700.0,803.0
39137,81780.0,176200.0,807.0
39139,54906.0,140500.0,768.0
39141,60352.0,153500.0,827.0
39143,62473.0,142300.0,756.0
39145,48465.0,122900.0,723.0
39147,63221.0,128100.0,789.0
39149,72498.0,174200.0,865.0
39151,64557.0,164900.0,838.0
39153,66034.0,182500.0,956.0
39155,54406.0,121400.0,752.0
39157,59626.0,163700.0,844.0
39159,104512.0,282900.0,1144.0
39161,59377.0,129300.0,769.0
39163,51015.0,123400.0,675.0
39165,104523.0,290900.0,1254.0
39167,59196.0,164000.0,794.0
39169,70121.0,189800.0,824.0
39171,60983.0,131100.0,771.0
39173,67254.0,203300.0,907.0
39175,65631.0,154200.0,753.0
40001,47799.0,108200.0,608.0
40003,58045.0,96300.0,654.0
40005,46160.0,123000.0,669.0
40007,64431.0,106500.0,838.0
40009,53119.0,149800.0,793.0
04001,40632.0,62400.0,635.0
40011,54616.0,122800.0,844.0
40013,53782.0,151500.0,877.0
40015,51071.0,99900.0,686.0
40017,81761.0,212700.0,1129.0
40019,56052.0,144400.0,908.0
40021,49403.0,144600.0,773.0
40023,41999.0,113500.0,662.0
40025,50900.0,77900.0,615.0
40027,70923.0,203900.0,1073.0
40029,44040.0,90800.0,679.0
04003,55254.0,183000.0,893.0
40031,55600.0,145800.0,903.0
40033,51036.0,105500.0,738.0
40035,48922.0,120000.0,810.0
40037,57545.0,158900.0,880.0
40039,54056.0,168700.0,732.0
40041,54799.0,152500.0,833.0
40043,55444.0,117200.0,844.0
40045,54087.0,106800.0,732.0
40047,55515.0,142000.0,868.0
40049,49245.0,124300.0,791.0
04005,64016.0,379400.0,1353.0
40051,66930.0,177100.0,841.0
40053,55657.0,84700.0,830.0
40055,40545.0,97400.0,641.0
40057,41170.0,78500.0,727.0
40059,65228.0,96700.0,791.0
40061,44536.0,109600.0,730.0
40063,43773.0,87300.0,604.0
40065,53513.0,115200.0,842.0
40067,44188.0,72200.0,566.0
40069,48452.0,99100.0,690.0
04007,51928.0,222500.0,966.0
40071,53066.0,111600.0,786.0
40073,73023.0,189000.0,905.0
40075,44959.0,80200.0,572.0
40077,42409.0,102400.0,694.0
40079,47026.0,111300.0,753.0
40081,54922.0,141400.0,731.0
40083,76331.0,221300.0,869.0
40085,64723.0,154500.0,812.0
40087,75474.0,214400.0,920.0
40089,44465.0,111400.0,677.0
04009,63797.0,178300.0,856.0
40091,43700.0,121000.0,700.0
40093,63840.0,123200.0,628.0
40095,51341.0,136500.0,761.0
40097,50174.0,153500.0,788.0
40099,60307.0,148200.0,824.0
40101,53035.0,128900.0,793.0
40103,61415.0,140900.0,710.0
40105,54339.0,113100.0,741.0
40107,43544.0,104300.0,677.0
40109,61580.0,190500.0,1008.0
04011,76338.0,93900.0,532.0
40111,45754.0,106300.0,765.0
40113,58677.0,155200.0,773.0
40115,47855.0,107500.0,742.0
40117,54690.0,115000.0,842.0
40119,51236.0,196100.0,899.0
04012,53925.0,117500.0,691.0
40121,47930.0,135800.0,798.0
40123,56077.0,151500.0,847.0
40125,52695.0,147000.0,848.0
40127,39267.0,103500.0,557.0
40129,55183.0,150700.0,679.0
04013,83668.0,371400.0,1437.0
40131,72952.0,206300.0,980.0
40133,44114.0,88100.0,695.0
40135,47450.0,118600.0,788.0
40137,55309.0,127500.0,831.0
40139,60719.0,146200.0,865.0
40141,44333.0,62900.0,682.0
40143,63442.0,196300.0,1002.0
40145,73851.0,201600.0,1000.0
40147,61704.0,151000.0,879.0
40149,54789.0,102600.0,752.0
04015,54842.0,233700.0,976.0
40151,54020.0,146700.0,793.0
40153,61248.0,161600.0,839.0
04017,49948.0,165600.0,800.0
04019,64007.0,258300.0,1071.0
04021,76232.0,268900.0,1317.0
04023,53467.0,196700.0,741.0
04025,64187.0,354300.0,1128.0
04027,54209.0,173500.0,950.0
41001,54382.0,231100.0,765.0
41003,70117.0,442300.0,1315.0
41005,96915.0,532200.0,1605.0
41007,63667.0,407700.0,1096.0
41009,77572.0,365100.0,1211.0
41011,55983.0,276300.0,952.0
41013,69563.0,368200.0,1129.0
41015,54595.0,353200.0,1105.0
41017,84281.0,526200.0,1550.0
41019,55837.0,262400.0,957.0
41021,69038.0,151500.0,1071.0
41023,58348.0,185500.0,803.0
41025,56001.0,174100.0,665.0
41027,75818.0,492500.0,1281.0
41029,68239.0,369500.0,1208.0
41031,65600.0,307200.0,940.0
41033,54983.0,353800.0,1093.0
41035,54961.0,234200.0,921.0
41037,54707.0,169000.0,816.0
41039,64192.0,363800.0,1210.0
41041,57216.0,345300.0,1057.0
41043,67265.0,319800.0,1160.0
41045,49380.0,187500.0,761.0
41047,70861.0,352500.0,1228.0
41049,67524.0,213900.0,837.0
41051,79432.0,492100.0,1515.0
41053,77156.0,382200.0,1219.0
41055,71460.0,186300.0,911.0
41057,64877.0,363100.0,1148.0
41059,71012.0,236800.0,930.0
41061,57091.0,243400.0,930.0
41063,61648.0,336900.0,830.0
41065,60506.0,298200.0,925.0
41067,98706.0,504300.0,1695.0
41069,49716.0,194900.0,730.0
41071,77969.0,408500.0,1302.0
42001,76554.0,242800.0,1060.0
42003,71973.0,200200.0,1050.0
42005,57609.0,135800.0,777.0
42007,67135.0,170900.0,830.0
42009,55517.0,165200.0,727.0
42011,72157.0,225700.0,1078.0
42013,57884.0,149300.0,838.0
42015,63529.0,169700.0,824.0
42017,105202.0,395800.0,1461.0
42019,81507.0,258500.0,978.0
42021,54612.0,110900.0,700.0
42023,50338.0,85900.0,657.0
42025,64766.0,179600.0,941.0
42027,67654.0,289800.0,1118.0
42029,117326.0,435000.0,1601.0
42031,57844.0,143300.0,754.0
42033,59318.0,118300.0,737.0
42035,58892.0,165100.0,840.0
42037,59127.0,183200.0,862.0
42039,54774.0,136000.0,769.0
42041,81295.0,246200.0,1146.0
42043,67813.0,208200.0,1090.0
42045,83856.0,289700.0,1257.0
42047,57570.0,121900.0,707.0
42049,56489.0,160200.0,851.0
42051,51494.0,121800.0,754.0
42053,43362.0,102300.0,720.0
42055,73709.0,222000.0,1019.0
42057,64405.0,188000.0,759.0
42059,63082.0,140900.0,754.0
42061,58170.0,169000.0,759.0
42063,53040.0,140700.0,771.0
42065,54248.0,121100.0,743.0
42067,62661.0,185900.0,715.0
42069,61168.0,175700.0,917.0
42071,82434.0,263600.0,1221.0
42073,58730.0,130000.0,787.0
42075,69490.0,211400.0,1023.0
42077,72590.0,254500.0,1259.0
42079,59358.0,152400.0,904.0
42081,61729.0,182500.0,886.0
42083,58112.0,96600.0,756.0
42085,57702.0,146100.0,761.0
42087,57096.0,131300.0,763.0
42089,79824.0,221100.0,1311.0
42091,106743.0,382300.0,1514.0
42093,76229.0,227800.0,998.0
42095,75468.0,265600.0,1280.0
42097,57822.0,141300.0,751.0
42099,67834.0,210600.0,803.0
42101,56385.0,215500.0,1250.0
42103,81886.0,225100.0,1344.0
42105,53935.0,135200.0,725.0
42107,63680.0,127900.0,801.0
42109,62382.0,197300.0,849.0
42111,50516.0,124500.0,704.0
42113,59957.0,179000.0,688.0
42115,63413.0,199000.0,855.0
42117,61190.0,165000.0,811.0
42119,65521.0,210300.0,899.0
42121,52449.0,108500.0,740.0
42123,56707.0,116300.0,728.0
42125,70751.0,205600.0,879.0
42127,56973.0,211000.0,933.0
42129,71152.0,181600.0,822.0
42131,67643.0,194700.0,876.0
42133,79938.0,220700.0,1094.0
44001,101158.0,443700.0,1264.0
44003,84230.0,306000.0,1226.0
44005,92795.0,503700.0,1544.0
44007,74190.0,310500.0,1161.0
44009,99015.0,436000.0,1284.0
45001,50325.0,118400.0,791.0
45003,67728.0,181800.0,973.0
45005,35249.0,61800.0,713.0
45007,62708.0,189400.0,904.0
45009,37952.0,97200.0,772.0
45011,45080.0,97100.0,763.0
45013,83687.0,377900.0,1435.0
45015,79259.0,253100.0,1410.0
45017,55642.0,130900.0,968.0
45019,79969.0,415000.0,1427.0
45021,50403.0,124500.0,828.0
45023,53488.0,133600.0,831.0
45025,44574.0,91400.0,796.0
45027,46202.0,134000.0,670.0
45029,47933.0,127200.0,826.0
45031,50427.0,132600.0,804.0
45033,37752.0,89500.0,716.0
45035,74730.0,273000.0,1259.0
45037,61318.0,162900.0,786.0
45039,50743.0,123200.0,830.0
45041,52650.0,157400.0,871.0
45043,59457.0,234600.0,1046.0
45045,71833.0,248900.0,1122.0
45047,49867.0,144000.0,849.0
45049,43987.0,93900.0,808.0
45051,61375.0,235000.0,1128.0
45053,61838.0,243700.0,1259.0
45055,61015.0,173800.0,844.0
45057,70113.0,272100.0,881.0
45059,53847.0,138600.0,826.0
45061,41583.0,93400.0,753.0
45063,73022.0,197600.0,1061.0
45065,56636.0,119500.0,736.0
45067,37244.0,90200.0,643.0
45069,39160.0,77900.0,680.0
45071,55050.0,139200.0,855.0
45073,61716.0,192800.0,852.0
45075,42209.0,105500.0,771.0
45077,55333.0,196600.0,896.0
45079,61010.0,201200.0,1142.0
45081,57291.0,117800.0,709.0
45083,58535.0,195800.0,960.0
45085,56937.0,146300.0,995.0
45087,46461.0,95300.0,782.0
45089,39757.0,86900.0,786.0
45091,83692.0,287600.0,1204.0
46003,61013.0,120800.0,735.0
46005,59508.0,152100.0,807.0
46007,49152.0,128100.0,621.0
46009,62963.0,112700.0,702.0
46011,71166.0,227800.0,870.0
46013,71731.0,200400.0,748.0
46015,60133.0,187900.0,755.0
46017,30659.0,103800.0,575.0
46019,64528.0,189000.0,885.0
46021,65591.0,80300.0,713.0
46023,54367.0,163200.0,713.0
46025,62559.0,135500.0,684.0
46027,55263.0,209300.0,758.0
46029,65009.0,206600.0,863.0
46031,39329.0,76000.0,515.0
46033,75336.0,294700.0,948.0
46035,63753.0,178100.0,772.0
46037,62786.0,134800.0,594.0
46039,77694.0,178100.0,628.0
46041,50048.0,74800.0,670.0
46043,73934.0,120900.0,763.0
46045,72004.0,142300.0,839.0
46047,56976.0,158500.0,813.0
46049,60853.0,115300.0,775.0
46051,70409.0,168500.0,493.0
46053,49239.0,109100.0,565.0
46055,58799.0,139200.0,620.0
46057,73995.0,181800.0,717.0
46059,64536.0,150000.0,543.0
46061,79488.0,171300.0,810.0
46063,65168.0,128300.0,445.0
46065,79301.0,216500.0,920.0
46067,64422.0,143800.0,660.0
46069,64416.0,97300.0,792.0
46071,45190.0,108400.0,527.0
46073,57560.0,117600.0,509.0
46075,60864.0,99000.0,700.0
46077,64215.0,149300.0,681.0
46079,74668.0,196600.0,819.0
46081,67606.0,267900.0,888.0
46083,98387.0,292200.0,1206.0
46085,54199.0,132100.0,615.0
46087,70320.0,186100.0,778.0
46089,52850.0,77900.0,553.0
46091,65643.0,141100.0,690.0
46093,71106.0,252300.0,1109.0
46095,44702.0,60700.0,670.0
46097,64099.0,93900.0,598.0
46099,75623.0,246200.0,927.0
46101,70603.0,194000.0,644.0
46102,40683.0,46700.0,545.0
46103,67573.0,247800.0,996.0
46105,57148.0,108900.0,685.0
46107,72374.0,129800.0,730.0
46109,57788.0,127800.0,596.0
46111,63266.0,128800.0,595.0
46115,61513.0,108200.0,651.0
46117,81788.0,170400.0,917.0
46119,76192.0,190800.0,935.0
46121,41862.0,40500.0,519.0
46123,55946.0,128100.0,800.0
46125,74511.0,175300.0,691.0
46127,85677.0,254900.0,1008.0
46129,57100.0,115900.0,832.0
46135,62951.0,190400.0,765.0
46137,40004.0,93000.0,685.0
47001,64615.0,193900.0,937.0
47003,70185.0,221200.0,863.0
47005,50635.0,112000.0,779.0
47007,46207.0,153700.0,751.0
47009,69713.0,247600.0,957.0
47011,62666.0,209800.0,917.0
47013,44268.0,142100.0,704.0
47015,63155.0,217700.0,689.0
47017,52680.0,117500.0,723.0
47019,48912.0,145000.0,727.0
47021,78437.0,262200.0,1190.0
47023,57732.0,136700.0,658.0
47025,41087.0,135400.0,710.0
47027,43441.0,132500.0,588.0
47029,45361.0,137000.0,763.0
47031,56519.0,203400.0,844.0
47033,53598.0,127000.0,852.0
47035,53388.0,199800.0,786.0
47037,72561.0,354700.0,1394.0
47039,52294.0,128600.0,705.0
47041,55392.0,183100.0,745.0
47043,70192.0,243800.0,947.0
47045,53715.0,148900.0,734.0
47047,84328.0,282600.0,871.0
47049,41147.0,137000.0,645.0
47051,61417.0,192400.0,828.0
47053,55608.0,130900.0,756.0
47055,54684.0,172500.0,817.0
47057,51951.0,151200.0,648.0
47059,50410.0,166500.0,689.0
47061,44219.0,126400.0,694.0
47063,56734.0,166300.0,799.0
47065,75127.0,250900.0,1079.0
47067,38024.0,112600.0,571.0
47069,44454.0,112700.0,773.0
47071,42573.0,142300.0,735.0
47073,52819.0,153800.0,737.0
47075,46351.0,116900.0,715.0
47077,53822.0,139600.0,759.0
47079,51194.0,141000.0,727.0
47081,56917.0,163900.0,796.0
47083,60581.0,149200.0,719.0
47085,58917.0,175600.0,814.0
47087,43306.0,126100.0,777.0
47089,60785.0,183800.0,832.0
47091,45495.0,156400.0,647.0
47093,70013.0,248200.0,1097.0
47095,38088.0,111900.0,432.0
47097,47575.0,110800.0,694.0
47099,55562.0,156500.0,715.0
47101,53189.0,139100.0,744.0
47103,61591.0,186300.0,755.0
47105,79683.0,263800.0,960.0
47107,60950.0,173300.0,803.0
47109,49706.0,125400.0,706.0
47111,56817.0,185100.0,789.0
47113,57070.0,170700.0,994.0
47115,58686.0,153000.0,824.0
47117,64013.0,218500.0,887.0
47119,70225.0,273400.0,1126.0
47121,54257.0,163000.0,832.0
47123,56047.0,174800.0,668.0
47125,67478.0,226400.0,1128.0
47127,68086.0,256700.0,769.0
47129,59967.0,133000.0,742.0
47131,50159.0,119500.0,732.0
47133,52108.0,156000.0,777.0
47135,46448.0,122900.0,699.0
47137,47932.0,149300.0,720.0
47139,55146.0,128200.0,678.0
47141,54996.0,221200.0,842.0
47143,59207.0,155800.0,780.0
47145,63430.0,193400.0,753.0
47147,77326.0,271300.0,1065.0
47149,77320.0,305100.0,1311.0
47151,44599.0,113900.0,646.0
47153,56264.0,184600.0,786.0
47155,59530.0,239800.0,968.0
47157,61452.0,206100.0,1103.0
47159,63960.0,200500.0,809.0
47161,60242.0,163700.0,725.0
47163,54361.0,173000.0,793.0
47165,87453.0,332700.0,1245.0
47167,68778.0,203500.0,1013.0
47169,58584.0,217400.0,822.0
47171,52260.0,150600.0,664.0
47173,51169.0,164400.0,838.0
47175,50260.0,132700.0,658.0
47177,52520.0,149700.0,734.0
47179,64270.0,211100.0,890.0
47181,48321.0,129000.0,606.0
47183,49815.0,123100.0,723.0
47185,49411.0,161500.0,835.0
47187,133486.0,611100.0,1817.0
47189,88462.0,358900.0,1268.0
48001,60800.0,154600.0,972.0
48003,68998.0,179300.0,1345.0
48005,56825.0,138600.0,985.0
48007,60523.0,221500.0,1076.0
48009,72062.0,157500.0,718.0
48011,67548.0,167600.0,942.0
48013,59817.0,141000.0,977.0
48015,68630.0,240000.0,1046.0
48017,52751.0,112400.0,665.0
48019,69284.0,237300.0,927.0
48021,73403.0,235900.0,1195.0
48023,49059.0,92100.0,568.0
48025,48176.0,106700.0,985.0
48027,62412.0,196300.0,1095.0
48029,65839.0,222300.0,1212.0
48031,82236.0,309800.0,863.0
48035,61048.0,151400.0,886.0
48037,52460.0,150300.0,900.0
48039,86197.0,256900.0,1333.0
48041,60355.0,260800.0,1120.0
48043,52388.0,200500.0,780.0
48045,53208.0,77400.0,850.0
48047,35359.0,80100.0,391.0
48049,53455.0,137900.0,862.0
48051,62095.0,154700.0,977.0
48053,74897.0,268300.0,1232.0
48055,60833.0,185400.0,1084.0
48057,62742.0,128200.0,968.0
48059,63836.0,129500.0,888.0
48061,49583.0,109600.0,855.0
48063,52919.0,146600.0,767.0
48065,71902.0,129700.0,933.0
48067,54276.0,115600.0,834.0
48069,59958.0,96400.0,841.0
48071,102146.0,279200.0,1339.0
48073,50351.0,138500.0,883.0
48075,49200.0,111100.0,858.0
48077,66085.0,139700.0,787.0
48079,45766.0,48000.0,702.0
48081,43774.0,94900.0,681.0
48083,45834.0,91800.0,684.0
48085,113943.0,411100.0,1689.0
48087,52093.0,89500.0,651.0
48089,59711.0,172900.0,892.0
48091,92979.0,369400.0,1390.0
48093,51559.0,131800.0,795.0
48095,51191.0,92900.0,927.0
48097,66466.0,207100.0,1064.0
48099,63428.0,153300.0,1046.0
48101,45351.0,51400.0,375.0
48103,67889.0,117000.0,913.0
48105,71851.0,181300.0,583.0
48107,46457.0,69600.0,649.0
48109,52160.0,83300.0,918.0
48111,61636.0,113800.0,1105.0
48113,70871.0,252200.0,1374.0
48115,48801.0,95100.0,805.0
48117,55565.0,107500.0,842.0
48119,54587.0,163700.0,875.0
48121,102711.0,377000.0,1496.0
48123,55525.0,156700.0,931.0
48125,47074.0,67000.0,533.0
48127,44312.0,75900.0,664.0
48129,44866.0,98900.0,711.0
48131,40539.0,76000.0,870.0
48133,53351.0,110500.0,745.0
48135,64868.0,175600.0,1232.0
48137,50752.0,86800.0,680.0
48139,89314.0,275800.0,1345.0
48141,53441.0,153600.0,978.0
48143,60093.0,219600.0,1070.0
48145,47534.0,103400.0,691.0
48147,60959.0,193200.0,979.0
48149,70476.0,254200.0,885.0
48151,57867.0,82700.0,605.0
48153,45784.0,90800.0,697.0
48155,47657.0,65000.0,537.0
48157,105583.0,329600.0,1669.0
48159,56623.0,194800.0,951.0
48161,56372.0,154900.0,785.0
48163,46769.0,98000.0,797.0
48165,62465.0,181100.0,711.0
48167,75947.0,260600.0,1301.0
48169,50255.0,87500.0,1048.0
48171,77013.0,399400.0,1275.0
48175,62841.0,172400.0,788.0
48177,57523.0,156100.0,895.0
48179,50648.0,93600.0,846.0
48181,66141.0,206900.0,1096.0
48183,60932.0,171900.0,1008.0
48185,61188.0,212500.0,910.0
48187,86043.0,258600.0,1278.0
48189,49571.0,97500.0,757.0
48191,40677.0,68000.0,554.0
48193,59753.0,122600.0,865.0
48195,69064.0,101700.0,823.0
48197,49539.0,65800.0,612.0
48199,70432.0,175800.0,955.0
48201,68748.0,235300.0,1269.0
48203,64636.0,164400.0,912.0
48205,84165.0,226500.0,1102.0
48207,48587.0,69800.0,862.0
48209,89074.0,335700.0,1355.0
48211,73212.0,200600.0,1025.0
48213,62843.0,159600.0,958.0
48215,48825.0,112700.0,875.0
48217,57566.0,142000.0,893.0
48219,56923.0,110800.0,765.0
48221,75545.0,249400.0,1255.0
48223,64249.0,172800.0,958.0
48225,49741.0,128300.0,819.0
48227,59598.0,132900.0,981.0
48229,39582.0,57400.0,531.0
48231,68019.0,184000.0,1120.0
48233,65019.0,96500.0,881.0
48235,77768.0,149600.0,1145.0
48237,54132.0,135500.0,889.0
48239,61953.0,140300.0,896.0
48241,50763.0,117400.0,777.0
48243,58285.0,167300.0,1113.0
48245,55065.0,151500.0,1004.0
48247,43782.0,115100.0,754.0
48249,48252.0,91600.0,849.0
48251,76747.0,225000.0,1271.0
48253,51894.0,88400.0,954.0
48255,61860.0,137800.0,868.0
48257,92814.0,256900.0,1286.0
48259,120238.0,464100.0,1455.0
48263,58118.0,76400.0,921.0
48265,59619.0,260700.0,1048.0
48267,51851.0,189600.0,716.0
48271,52609.0,112200.0,728.0
48273,51342.0,128300.0,978.0
48275,47207.0,55100.0,628.0
48277,62620.0,152800.0,847.0
48279,53008.0,79300.0,796.0
48281,67917.0,217100.0,867.0
48283,40555.0,99400.0,851.0
48285,58400.0,205500.0,871.0
48287,65911.0,208100.0,1037.0
48289,56749.0,158700.0,900.0
48291,61880.0,145400.0,978.0
48293,51357.0,135400.0,784.0
48295,70236.0,119800.0,836.0
48297,58576.0,143000.0,957.0
48299,59528.0,287000.0,974.0
48303,59138.0,183700.0,1087.0
48305,56754.0,116800.0,887.0
48307,45915.0,98700.0,816.0
48309,63160.0,196400.0,1048.0
48311,67525.0,105100.0,732.0
48313,53906.0,139100.0,814.0
48315,47720.0,103100.0,857.0
48317,73315.0,143500.0,1009.0
48319,59129.0,254500.0,818.0
48321,58380.0,155200.0,960.0
48323,43407.0,125000.0,757.0
48325,70313.0,186200.0,1038.0
48327,44145.0,86500.0,720.0
48329,81187.0,272900.0,1375.0
48331,54667.0,149600.0,911.0
48333,58068.0,188900.0,655.0
48335,48378.0,83900.0,764.0
48337,57076.0,166900.0,974.0
48339,95241.0,293500.0,1416.0
48341,66583.0,122700.0,879.0
48343,49847.0,108600.0,783.0
48345,46320.0,72100.0,732.0
48347,51708.0,150700.0,863.0
48349,50822.0,142300.0,978.0
48351,47804.0,90100.0,876.0
48353,50579.0,91300.0,810.0
48355,60250.0,177700.0,1175.0
48357,69383.0,118400.0,858.0
48359,66411.0,125000.0,1120.0
48361,63901.0,152800.0,974.0
48363,56809.0,151500.0,963.0
48365,59772.0,139400.0,799.0
48367,95277.0,311000.0,1291.0
48369,57786.0,134300.0,839.0
48371,54003.0,144300.0,986.0
48373,58894.0,151100.0,920.0
48375,51028.0,119900.0,943.0
48377,43666.0,121000.0,391.0
48379,45419.0,174000.0,896.0
48381,77066.0,209200.0,1072.0
48383,83195.0,123900.0,1057.0
48385,49467.0,258000.0,836.0
48387,47081.0,113600.0,688.0
48389,53969.0,108800.0,951.0
48391,50936.0,92900.0,720.0
48393,70814.0,164200.0,554.0
48395,57796.0,156800.0,781.0
48397,124291.0,363500.0,1779.0
48399,52729.0,89700.0,897.0
48401,55085.0,148100.0,963.0
48403,50564.0,134300.0,725.0
48405,49591.0,82400.0,718.0
48407,57855.0,167700.0,992.0
48409,62919.0,163900.0,1265.0
48411,51350.0,134300.0,918.0
48413,54168.0,96700.0,645.0
48415,60387.0,109400.0,1025.0
48417,64690.0,178500.0,486.0
48419,51551.0,107400.0,833.0
48421,73395.0,108100.0,969.0
48423,67978.0,201400.0,1129.0
48425,75568.0,246600.0,853.0
48427,35758.0,88300.0,670.0
48429,50710.0,98000.0,688.0
48431,75895.0,121000.0,882.0
48433,53153.0,54700.0,757.0
48435,68838.0,132600.0,701.0
48437,52148.0,85300.0,763.0
48439,76285.0,269400.0,1352.0
48441,61798.0,169800.0,1063.0
48445,46998.0,105500.0,763.0
48447,50997.0,67000.0,536.0
48449,58411.0,138900.0,808.0
48451,60348.0,177800.0,1024.0
48453,95151.0,444800.0,1561.0
48455,49629.0,104300.0,776.0
48457,50722.0,124900.0,927.0
48459,59690.0,166600.0,958.0
48461,61607.0,95600.0,687.0
48463,48427.0,129900.0,1014.0
48465,52593.0,138500.0,913.0
48467,57706.0,181300.0,981.0
48469,67905.0,181200.0,1084.0
48471,53301.0,187200.0,976.0
48473,75223.0,268200.0,1109.0
48475,60775.0,117700.0,1061.0
48477,66911.0,248300.0,1025.0
48479,56289.0,161000.0,964.0
48481,57487.0,170100.0,894.0
48483,55713.0,105200.0,896.0
48485,56634.0,129000.0,937.0
48487,52983.0,82300.0,795.0
48489,41648.0,66900.0,695.0
48491,101891.0,370100.0,1597.0
48493,79432.0,266600.0,1054.0
48495,69775.0,109100.0,902.0
48497,80096.0,248400.0,1137.0
48499,57504.0,170700.0,882.0
48501,62748.0,167900.0,983.0
48503,58297.0,142100.0,823.0
48505,39403.0,84800.0,557.0
48507,36237.0,77300.0,838.0
49001,66394.0,248200.0,948.0
49003,79450.0,308900.0,927.0
49005,76631.0,351700.0,1025.0
49007,59243.0,176400.0,786.0
49011,103143.0,423200.0,1407.0
49013,67256.0,228600.0,894.0
49015,64651.0,168700.0,662.0
49017,66786.0,237800.0,779.0
49019,67218.0,426800.0,1020.0
49021,66499.0,299400.0,935.0
49023,94181.0,322100.0,969.0
49025,66609.0,297500.0,1124.0
49027,67318.0,227000.0,801.0
49029,119482.0,556900.0,1276.0
49031,54495.0,218800.0,594.0
49033,71800.0,272900.0,663.0
49035,91713.0,440400.0,1394.0
49037,50452.0,177900.0,861.0
49039,65044.0,268600.0,910.0
49041,73014.0,239400.0,791.0
49043,132358.0,895100.0,1822.0
49045,91353.0,343900.0,1079.0
49047,67554.0,253100.0,797.0
49049,95085.0,443000.0,1330.0
49051,115793.0,620800.0,1586.0
49053,75572.0,417400.0,1321.0
49055,63705.0,316200.0,926.0
49057,83465.0,346800.0,1188.0
50001,79526.0,311200.0,1153.0
50003,69249.0,243000.0,974.0
50005,61554.0,197700.0,919.0
50007,86579.0,378300.0,1511.0
50009,54570.0,151200.0,911.0
05001,52145.0,125900.0,749.0
50011,76395.0,263200.0,1125.0
50013,76260.0,339600.0,1206.0
50015,65190.0,270700.0,1066.0
50017,73057.0,231000.0,1125.0
50019,56818.0,196700.0,898.0
50021,61290.0,203500.0,891.0
50023,77432.0,278000.0,1077.0
50025,61976.0,250000.0,1031.0
50027,74244.0,249700.0,1054.0
05003,47253.0,86600.0,610.0
05005,48573.0,155600.0,810.0
05007,86374.0,254000.0,1113.0
05009,53025.0,158100.0,687.0
05011,44982.0,87900.0,636.0
05013,52535.0,82700.0,808.0
05015,50433.0,169700.0,751.0
05017,38217.0,88100.0,536.0
05019,50519.0,143300.0,690.0
05021,46855.0,85800.0,639.0
05023,52662.0,162200.0,844.0
05025,55533.0,109200.0,673.0
05027,47278.0,123200.0,690.0
05029,52405.0,129600.0,698.0
05031,60580.0,182600.0,870.0
05033,54741.0,154900.0,789.0
05035,49644.0,147300.0,831.0
05037,48299.0,97500.0,815.0
05039,44476.0,94300.0,563.0
05041,41251.0,88300.0,628.0
05043,48635.0,123900.0,708.0
05045,63429.0,195800.0,931.0
05047,48248.0,117500.0,684.0
05049,42588.0,100000.0,649.0
05051,53239.0,166600.0,913.0
05053,63512.0,141400.0,802.0
05055,54475.0,157400.0,808.0
05057,46423.0,104700.0,764.0
05059,50654.0,119600.0,713.0
05061,46449.0,125300.0,732.0
05063,57611.0,111300.0,774.0
05065,43920.0,110600.0,616.0
05067,43579.0,85700.0,650.0
05069,45894.0,105300.0,820.0
05071,46660.0,119800.0,710.0
05073,42437.0,70900.0,659.0
05075,47312.0,84300.0,690.0
05077,35213.0,80600.0,641.0
05079,48311.0,112500.0,595.0
05081,48883.0,108200.0,683.0
05083,48510.0,121600.0,693.0
05085,66160.0,169600.0,944.0
05087,51233.0,148300.0,718.0
05089,49313.0,147100.0,749.0
05091,48652.0,137700.0,831.0
05093,45168.0,110000.0,750.0
05095,33090.0,84600.0,543.0
05097,46069.0,126200.0,637.0
05099,44649.0,85100.0,773.0
51001,56357.0,184500.0,974.0
51003,94727.0,450200.0,1570.0
51005,52412.0,123600.0,662.0
51007,65835.0,233700.0,1249.0
51009,61271.0,181600.0,811.0
05101,47996.0,160500.0,577.0
51011,62375.0,178000.0,861.0
51013,131020.0,833300.0,2227.0
51015,77487.0,267100.0,1019.0
51017,59763.0,184900.0,650.0
51019,71135.0,263900.0,939.0
51021,55722.0,132500.0,705.0
51023,81122.0,264200.0,869.0
51025,49080.0,127000.0,841.0
51027,39652.0,84900.0,728.0
51029,55965.0,160800.0,844.0
05103,49275.0,96000.0,723.0
51031,63516.0,183100.0,792.0
51033,72210.0,253300.0,1212.0
51035,51111.0,139200.0,643.0
51036,67596.0,198800.0,927.0
51037,50151.0,137000.0,732.0
51041,100149.0,306500.0,1460.0
51043,106914.0,496600.0,1260.0
51045,62672.0,184700.0,687.0
51047,94287.0,369600.0,1383.0
51049,55257.0,208600.0,803.0
05105,56640.0,123400.0,716.0
51051,43271.0,89200.0,680.0
51053,72695.0,223800.0,1154.0
51057,58214.0,217000.0,942.0
51059,144632.0,666900.0,2159.0
51061,120301.0,501200.0,1468.0
51063,62561.0,205400.0,809.0
51065,88162.0,270900.0,1363.0
51067,68089.0,207700.0,809.0
51069,97091.0,333600.0,1347.0
05107,36098.0,74100.0,719.0
51071,62716.0,141900.0,758.0
51073,76960.0,274500.0,1133.0
51075,113617.0,433600.0,1407.0
51077,45414.0,129100.0,703.0
51079,82772.0,287800.0,1277.0
51081,47596.0,146600.0,979.0
51083,50578.0,133200.0,724.0
51085,103639.0,347900.0,1392.0
51087,82187.0,309700.0,1380.0
51089,49370.0,111800.0,686.0
05109,41348.0,99200.0,657.0
51091,54470.0,182500.0,800.0
51093,85227.0,327600.0,1223.0
51095,103070.0,396800.0,1435.0
51097,62180.0,212500.0,1065.0
51099,100092.0,372300.0,1385.0
51101,82715.0,252200.0,1239.0
51103,60857.0,292300.0,959.0
51105,41573.0,95800.0,651.0
51107,167605.0,657000.0,2195.0
51109,72569.0,266700.0,1137.0
05111,47372.0,93900.0,642.0
51111,47660.0,139700.0,802.0
51113,71697.0,311500.0,955.0
51115,73827.0,355900.0,966.0
51117,52092.0,157800.0,784.0
51119,68881.0,288900.0,1056.0
51121,69668.0,269300.0,1161.0
51125,66612.0,275100.0,921.0
51127,115627.0,354200.0,1391.0
05113,45289.0,120800.0,730.0
51131,52783.0,246300.0,763.0
51133,67077.0,303700.0,1026.0
51135,50756.0,169500.0,895.0
51137,81390.0,316000.0,1085.0
51139,60061.0,198000.0,845.0
51141,49319.0,137200.0,668.0
51143,49659.0,144100.0,831.0
51145,105231.0,356500.0,1170.0
51147,57400.0,193400.0,909.0
51149,76571.0,252300.0,1519.0
05115,57881.0,152000.0,810.0
51153,119051.0,472000.0,1907.0
51155,57731.0,181700.0,806.0
51157,85575.0,509500.0,1179.0
51159,60180.0,218600.0,915.0
51161,77010.0,245800.0,1116.0
51163,64393.0,232100.0,925.0
51165,72921.0,266900.0,1078.0
51167,49537.0,112000.0,668.0
51169,43743.0,122300.0,621.0
05117,51017.0,87200.0,645.0
51171,65289.0,247600.0,950.0
51173,45484.0,120600.0,691.0
51175,61246.0,199700.0,881.0
51177,96322.0,349900.0,1677.0
51179,134456.0,431900.0,1828.0
51181,65339.0,231400.0,888.0
51183,49340.0,151000.0,927.0
51185,48360.0,112200.0,733.0
51187,79949.0,293400.0,1175.0
05119,57057.0,187600.0,985.0
51191,61686.0,181000.0,796.0
51193,61545.0,244000.0,985.0
51195,45220.0,108000.0,715.0
51197,47257.0,157100.0,668.0
51199,111346.0,387200.0,1701.0
05121,45638.0,110700.0,674.0
05123,38062.0,82400.0,748.0
05125,70330.0,194400.0,948.0
05127,42599.0,97600.0,702.0
05129,38070.0,107100.0,611.0
05131,52679.0,154900.0,805.0
05133,49384.0,99200.0,700.0
05135,45740.0,89900.0,610.0
05137,41063.0,153700.0,669.0
05139,50258.0,110900.0,775.0
05141,47150.0,117900.0,716.0
05143,62100.0,235500.0,935.0
05145,56866.0,150700.0,793.0
05147,41225.0,96100.0,582.0
05149,50275.0,128400.0,647.0
51510,110115.0,655700.0,1983.0
51520,43123.0,154900.0,784.0
51530,51030.0,148800.0,953.0
51540,67903.0,398400.0,1357.0
51550,87127.0,339500.0,1446.0
51570,68456.0,221400.0,1123.0
51580,46592.0,80100.0,718.0
51590,40799.0,102000.0,770.0
51595,43496.0,129400.0,960.0
51600,122790.0,649600.0,1972.0
51610,142513.0,938500.0,2074.0
51620,54594.0,197900.0,925.0
51630,71217.0,438400.0,1462.0
51640,44706.0,109300.0,660.0
51650,64086.0,219800.0,1255.0
51660,56057.0,263700.0,1060.0
51670,53098.0,151600.0,1033.0
51678,62382.0,224700.0,1000.0
51680,50494.0,196000.0,972.0
51683,97722.0,393900.0,1784.0
51685,90816.0,370700.0,2073.0
51690,41500.0,82800.0,736.0
51700,63350.0,233400.0,1209.0
51710,60030.0,254200.0,1188.0
51720,41298.0,104200.0,613.0
51730,42385.0,147200.0,1082.0
51735,109549.0,406700.0,1584.0
51740,54843.0,213300.0,1225.0
51750,47892.0,204700.0,967.0
51760,58719.0,308300.0,1227.0
51770,50425.0,162000.0,917.0
51775,63676.0,231900.0,1053.0
51790,61917.0,219500.0,984.0
51800,81858.0,314400.0,1376.0
51810,83066.0,343700.0,1568.0
51820,58527.0,226700.0,909.0
51830,67543.0,385600.0,1274.0
51840,60557.0,299900.0,1230.0
53001,62410.0,216900.0,902.0
53003,65625.0,266400.0,941.0
53005,85144.0,338700.0,1166.0
53007,81697.0,412300.0,1142.0
53009,66693.0,353600.0,1093.0
53011,91149.0,453200.0,1572.0
53013,62935.0,229600.0,847.0
53015,71847.0,332200.0,1090.0
53017,83870.0,366800.0,1181.0
53019,57064.0,252700.0,690.0
53021,77820.0,308700.0,1124.0
53023,64413.0,190000.0,725.0
53025,63809.0,244500.0,979.0
53027,62258.0,249900.0,943.0
53029,82717.0,480800.0,1517.0
53031,69176.0,449300.0,1169.0
53033,116044.0,761500.0,1950.0
53035,93794.0,463000.0,1635.0
53037,71737.0,417600.0,1152.0
53039,70371.0,352500.0,986.0
53041,67954.0,306600.0,1016.0
53043,68318.0,232500.0,839.0
53045,78029.0,340300.0,1137.0
53047,58661.0,251100.0,862.0
53049,55615.0,252100.0,955.0
53051,59332.0,288200.0,793.0
53053,92793.0,444600.0,1604.0
53055,84024.0,673700.0,1279.0
53057,79118.0,444300.0,1350.0
53059,82132.0,443000.0,1019.0
53061,101440.0,592800.0,1794.0
53063,69079.0,331600.0,1123.0
53065,65748.0,277300.0,827.0
53067,88560.0,411700.0,1499.0
53069,70099.0,319100.0,1110.0
53071,66542.0,331600.0,1044.0
53073,78796.0,475000.0,1370.0
53075,54412.0,298500.0,959.0
53077,63058.0,254700.0,1010.0
54001,46302.0,119000.0,665.0
54003,70829.0,231600.0,1154.0
54005,46508.0,87300.0,735.0
54007,43328.0,95100.0,595.0
54009,61551.0,115000.0,591.0
54011,51017.0,144200.0,857.0
54013,43589.0,111000.0,494.0
54015,42604.0,100800.0,582.0
54017,47755.0,147300.0,556.0
54019,48710.0,103200.0,734.0
54021,44938.0,89800.0,670.0
54023,58150.0,150000.0,648.0
54025,45137.0,130400.0,790.0
54027,58266.0,184800.0,749.0
54029,58077.0,111700.0,731.0
54031,53876.0,153300.0,832.0
54033,57764.0,146900.0,836.0
54035,54735.0,148200.0,700.0
54037,87259.0,303400.0,1073.0
54039,55160.0,131200.0,868.0
54041,53283.0,134100.0,726.0
54043,43727.0,94500.0,734.0
54045,42615.0,101200.0,737.0
54047,28972.0,47500.0,601.0
54049,58855.0,147600.0,870.0
54051,51934.0,130500.0,788.0
54053,48077.0,118100.0,651.0
54055,43917.0,115100.0,777.0
54057,59669.0,162400.0,713.0
54059,35761.0,89700.0,560.0
54061,59094.0,242100.0,929.0
54063,53154.0,138400.0,658.0
54065,56162.0,212500.0,742.0
54067,46757.0,110600.0,664.0
54069,60241.0,153000.0,773.0
54071,52553.0,169200.0,666.0
54073,56391.0,121100.0,640.0
54075,44553.0,129500.0,678.0
54077,55965.0,147400.0,738.0
54079,80034.0,202300.0,1007.0
54081,51317.0,132300.0,819.0
54083,49362.0,128700.0,766.0
54085,51965.0,105200.0,657.0
54087,42697.0,117700.0,605.0
54089,40569.0,123400.0,842.0
54091,53972.0,138100.0,702.0
54093,50444.0,141100.0,783.0
54095,57560.0,109800.0,642.0
54097,47035.0,153600.0,744.0
54099,52540.0,114200.0,865.0
54101,40598.0,82400.0,678.0
54103,48563.0,106100.0,701.0
54105,43441.0,109200.0,490.0
54107,57599.0,140700.0,780.0
54109,39892.0,74100.0,677.0
55001,54682.0,168400.0,719.0
55003,56848.0,143500.0,658.0
55005,62344.0,182600.0,814.0
55007,63680.0,214700.0,828.0
55009,72398.0,226500.0,935.0
55011,63969.0,182900.0,808.0
55013,57438.0,200800.0,767.0
55015,85589.0,234000.0,948.0
55017,74425.0,215300.0,918.0
55019,63641.0,153000.0,756.0
55021,78767.0,243600.0,911.0
55023,63862.0,160300.0,781.0
55025,85189.0,342900.0,1268.0
55027,69681.0,201000.0,929.0
55029,72296.0,273300.0,949.0
55031,66180.0,174900.0,833.0
55033,71434.0,212000.0,908.0
55035,70564.0,226400.0,929.0
55037,64512.0,158400.0,571.0
55039,71206.0,195800.0,892.0
55041,56118.0,160100.0,593.0
55043,63247.0,173400.0,795.0
55045,79337.0,217000.0,820.0
55047,66070.0,186100.0,781.0
55049,76404.0,231300.0,911.0
55051,60694.0,144100.0,632.0
55053,64344.0,170000.0,749.0
55055,78728.0,238300.0,981.0
55057,61904.0,153700.0,820.0
55059,75067.0,234700.0,1110.0
55061,73717.0,191500.0,831.0
55063,70075.0,226600.0,984.0
55065,67311.0,166700.0,796.0
55067,57745.0,138000.0,715.0
55069,59637.0,163700.0,706.0
55071,62910.0,160400.0,747.0
55073,70955.0,194500.0,898.0
55075,58554.0,142300.0,731.0
55077,58197.0,189500.0,773.0
55078,51623.0,104300.0,635.0
55079,58375.0,200000.0,1012.0
55081,65232.0,184000.0,919.0
55083,68127.0,195200.0,775.0
55085,62242.0,214700.0,876.0
55087,78808.0,224100.0,941.0
55089,97778.0,344900.0,1103.0
55091,69535.0,178500.0,778.0
55093,85508.0,278700.0,999.0
55095,73982.0,222800.0,922.0
55097,71360.0,214700.0,876.0
55099,53883.0,136400.0,759.0
55101,72331.0,226500.0,985.0
55103,67086.0,161600.0,755.0
55105,67430.0,193000.0,981.0
55107,56410.0,144800.0,793.0
55109,97589.0,323900.0,1127.0
55111,70484.0,227500.0,914.0
55113,60034.0,210700.0,670.0
55115,66733.0,166900.0,740.0
55117,65008.0,198900.0,863.0
55119,67544.0,168800.0,750.0
55121,68184.0,193700.0,864.0
55123,67812.0,192800.0,785.0
55125,63356.0,255700.0,766.0
55127,73723.0,254300.0,1034.0
55129,59221.0,196900.0,805.0
55131,90313.0,293300.0,1073.0
55133,99525.0,352600.0,1235.0
55135,65960.0,178500.0,817.0
55137,55982.0,174800.0,779.0
55139,69887.0,190600.0,880.0
55141,64408.0,156600.0,830.0
56001,53537.0,291500.0,927.0
56003,59702.0,179800.0,785.0
56005,89870.0,247800.0,924.0
56007,66225.0,212800.0,825.0
56009,78015.0,251700.0,928.0
56011,70196.0,270600.0,778.0
56013,55125.0,236700.0,819.0
56015,58720.0,217200.0,736.0
56017,64734.0,191200.0,824.0
56019,70067.0,296200.0,932.0
56021,71956.0,295800.0,1043.0
56023,93044.0,325500.0,818.0
56025,70142.0,247600.0,945.0
56027,54573.0,195600.0,951.0
56029,69802.0,329500.0,877.0
56031,61185.0,237100.0,788.0
56033,70224.0,342400.0,919.0
56035,85649.0,339400.0,985.0
56037,75779.0,240300.0,899.0
56039,127677.0,1137500.0,1511.0
56041,73072.0,224800.0,790.0
56043,60699.0,194000.0,689.0
56045,67677.0,208900.0,767.0
06001,121190.0,999200.0,2229.0
06005,74356.0,409600.0,1257.0
06007,63353.0,371600.0,1280.0
06009,73175.0,404200.0,1621.0
06011,72963.0,360100.0,1061.0
06013,119667.0,787300.0,2234.0
06015,57297.0,282500.0,1146.0
06017,104859.0,597600.0,1597.0
06019,68693.0,338200.0,1207.0
06021,63247.0,295400.0,978.0
06023,57660.0,386000.0,1191.0
06025,55523.0,256000.0,961.0
06027,64332.0,325900.0,1131.0
06029,65981.0,282800.0,1161.0
06031,63683.0,281400.0,1201.0
06033,51848.0,291300.0,1206.0
06035,60308.0,233100.0,1038.0
06037,82455.0,732200.0,1805.0
06039,71273.0,340300.0,1185.0
06041,135960.0,1291800.0,2487.0
06043,66513.0,335900.0,1134.0
06045,63621.0,463700.0,1240.0
06047,65253.0,342300.0,1200.0
06049,51166.0,184900.0,796.0
06051,79105.0,496800.0,1259.0
06053,91450.0,683700.0,1873.0
06055,98580.0,794500.0,2037.0
06057,80069.0,559700.0,1487.0
06059,106047.0,862900.0,2248.0
06061,106114.0,627100.0,1874.0
06063,66725.0,310100.0,1102.0
06065,86350.0,462900.0,1711.0
06067,83985.0,465900.0,1599.0
06069,106560.0,703200.0,1830.0
06071,78779.0,438000.0,1584.0
06073,98365.0,725200.0,2011.0
06075,135366.0,1348700.0,2316.0
06077,84738.0,462000.0,1542.0
06079,88578.0,726700.0,1800.0
06081,143795.0,1441300.0,2805.0
06083,89334.0,714800.0,1964.0
06085,150502.0,1316800.0,2719.0
06087,99256.0,951300.0,2094.0
06089,66312.0,327500.0,1232.0
06091,63939.0,289400.0,1184.0
06093,51593.0,260200.0,984.0
06095,92711.0,549100.0,1981.0
06097,96312.0,748500.0,2029.0
06099,75249.0,393300.0,1433.0
06101,66071.0,375400.0,1289.0
06103,58900.0,290400.0,1119.0
06105,49485.0,326200.0,928.0
06107,64313.0,280900.0,1137.0
06109,70108.0,377700.0,1129.0
06111,101981.0,719100.0,2140.0
06113,82359.0,555200.0,1655.0
06115,63626.0,350600.0,1137.0
72001,,90100.0,395.0
72003,,98500.0,460.0
72005,,130900.0,460.0
72007,,133300.0,436.0
72009,,118700.0,519.0
72011,,103000.0,519.0
72013,,106100.0,486.0
72015,,95200.0,498.0
72017,,119100.0,575.0
72019,,118300.0,469.0
72021,,139800.0,647.0
72023,,115800.0,544.0
72025,,139000.0,626.0
72027,,103500.0,578.0
72029,,114600.0,552.0
72031,,149000.0,694.0
72033,,126700.0,570.0
72035,,133500.0,570.0
72037,,105000.0,515.0
72039,,93700.0,375.0
72041,,132800.0,547.0
72043,,100000.0,495.0
72045,,107000.0,485.0
72047,,111500.0,547.0
72049,,168500.0,458.0
72051,,150400.0,664.0
72053,,113500.0,609.0
72054,,101900.0,649.0
72055,,83300.0,330.0
72057,,98300.0,411.0
72059,,83500.0,413.0
72061,,197600.0,767.0
72063,,160400.0,630.0
72065,,119500.0,543.0
72067,,113200.0,526.0
72069,,113600.0,509.0
72071,,121400.0,510.0
72073,,102300.0,439.0
72075,,99900.0,547.0
72077,,112100.0,573.0
72079,,98200.0,524.0
72081,,97100.0,479.0
72083,,93600.0,305.0
72085,,118900.0,486.0
72087,,108800.0,459.0
72089,,125300.0,485.0
72091,,117400.0,534.0
72093,,104300.0,394.0
72095,,100800.0,500.0
72097,,105000.0,449.0
72099,,101000.0,476.0
72101,,114100.0,561.0
72103,,97700.0,505.0
72105,,100300.0,513.0
72107,,93300.0,467.0
72109,,93800.0,486.0
72111,,88200.0,487.0
72113,,107300.0,486.0
72115,,104100.0,483.0
72117,,137600.0,572.0
72119,,130700.0,589.0
72121,,104200.0,450.0
72123,,89400.0,498.0
72125,,96100.0,457.0
72127,,164200.0,575.0
72129,,112100.0,567.0
72131,,104100.0,446.0
72133,,104100.0,502.0
72135,,143900.0,723.0
72137,,133500.0,683.0
72139,,155000.0,609.0
72141,,101000.0,452.0
72143,,126200.0,624.0
72145,,115900.0,576.0
72147,,114500.0,441.0
72149,,101900.0,487.0
72151,,93900.0,498.0
72153,,98200.0,495.0
08001,89849.0,425000.0,1632.0
08003,53942.0,198500.0,815.0
08005,93525.0,480500.0,1708.0
08007,66025.0,432400.0,1184.0
08009,47147.0,119700.0,474.0
08011,42958.0,110700.0,778.0
08013,96584.0,671100.0,1828.0
08014,114746.0,581600.0,1923.0
08015,75151.0,514900.0,1330.0
08017,62891.0,166300.0,860.0
08019,90350.0,506900.0,1201.0
08021,49141.0,154500.0,686.0
08023,36970.0,145200.0,691.0
08025,49785.0,92700.0,988.0
08027,67766.0,327100.0,865.0
08029,53910.0,291400.0,933.0
08031,87619.0,540400.0,1665.0
08033,56695.0,208000.0,1513.0
08035,140768.0,635100.0,1953.0
08037,105813.0,728400.0,1868.0
08039,120394.0,623300.0,1436.0
08041,82248.0,390500.0,1507.0
08043,57275.0,264300.0,959.0
08045,86566.0,449300.0,1444.0
08047,89805.0,465300.0,1263.0
08049,88059.0,461200.0,1243.0
08051,88855.0,530300.0,1168.0
08053,70675.0,369200.0,979.0
08055,47968.0,231200.0,735.0
08057,62439.0,227300.0,1266.0
08059,102413.0,556800.0,1696.0
08061,55573.0,127400.0,813.0
08063,56720.0,182700.0,931.0
08065,71326.0,331000.0,1554.0
08067,79358.0,497800.0,1344.0
08069,88338.0,488300.0,1584.0
08071,49097.0,190900.0,806.0
08073,54345.0,238000.0,820.0
08075,58976.0,203100.0,854.0
08077,69578.0,312600.0,1089.0
08079,69794.0,379000.0,824.0
08081,69088.0,247500.0,974.0
08083,58345.0,282500.0,893.0
08085,65736.0,314100.0,1061.0
08087,65599.0,277400.0,1038.0
08089,46607.0,132600.0,802.0
08091,90837.0,596400.0,1239.0
08093,88020.0,458600.0,1788.0
08095,68571.0,258200.0,848.0
08097,111291.0,912300.0,1772.0
08099,48832.0,120200.0,764.0
08101,58314.0,238400.0,967.0
08103,71630.0,231800.0,893.0
08105,56877.0,202300.0,649.0
08107,104407.0,691800.0,1721.0
08109,45048.0,166500.0,720.0
08111,62732.0,344600.0,1031.0
08113,94387.0,561400.0,1267.0
08115,46980.0,136000.0,692.0
08117,96984.0,760000.0,1807.0
08119,81466.0,405500.0,1609.0
08121,61492.0,208300.0,908.0
08123,90770.0,412200.0,1351.0
08125,56075.0,201500.0,866.0
09110,84551.0,283800.0,1297.0
09120,81042.0,372000.0,1446.0
09130,99557.0,341300.0,1345.0
09140,81783.0,273500.0,1218.0
09150,81711.0,268500.0,1119.0
09160,87206.0,296800.0,1149.0
09170,84615.0,309600.0,1408.0
09180,80159.0,275900.0,1254.0
09190,122080.0,595600.0,1952.0
